ncalls,tottime,percall,cumtime,percall,filename:lineno(function)
2,0.000,0.000,0.000,0.000,{built-in method _win32sysloader.GetModuleFilename}
1,0.003,0.003,0.003,0.003,{built-in method _win32sysloader.LoadModule}
1,0.000,0.000,0.000,0.000,{built-in method win32api.GetFullPathName}
1,0.000,0.000,0.000,0.000,{built-in method win32api.GetTempPath}
1,0.000,0.000,0.000,0.000,{built-in method win32api.RegOpenKey}
42,0.000,0.000,0.000,0.000,<frozen importlib._bootstrap>:35(_new_module)
126,0.000,0.000,0.000,0.000,<frozen importlib._bootstrap_external>:36(_relax_case)
55,0.000,0.000,0.001,0.000,<frozen importlib._bootstrap>:58(__init__)
76,0.000,0.000,0.000,0.000,<frozen importlib._bootstrap>:78(acquire)
76,0.000,0.000,0.000,0.000,<frozen importlib._bootstrap>:103(release)
57,0.000,0.000,0.000,0.000,<frozen importlib._bootstrap>:143(__init__)
57,0.000,0.000,0.002,0.000,<frozen importlib._bootstrap>:147(__enter__)
57,0.000,0.000,0.001,0.000,<frozen importlib._bootstrap>:151(__exit__)
55,0.000,0.000,0.000,0.000,<frozen importlib._bootstrap>:176(cb)
76,0.001,0.000,0.002,0.000,<frozen importlib._bootstrap>:157(_get_module_lock)
19,0.000,0.000,0.000,0.000,<frozen importlib._bootstrap>:194(_lock_unlock_module)
75/6,0.000,0.000,0.337,0.056,<frozen importlib._bootstrap>:211(_call_with_frames_removed)
690,0.001,0.000,0.001,0.000,<frozen importlib._bootstrap>:222(_verbose_message)
1,0.000,0.000,0.000,0.000,<frozen importlib._bootstrap>:232(_requires_builtin_wrapper)
47,0.000,0.000,0.000,0.000,<frozen importlib._bootstrap>:307(__init__)
47,0.000,0.000,0.000,0.000,<frozen importlib._bootstrap>:311(__enter__)
188,0.000,0.000,0.000,0.000,<frozen importlib._bootstrap>:321(<genexpr>)
47,0.000,0.000,0.001,0.000,<frozen importlib._bootstrap>:318(__exit__)
126,0.000,0.000,0.000,0.000,<frozen importlib._bootstrap_external>:51(_r_long)
98,0.000,0.000,0.000,0.000,<frozen importlib._bootstrap>:369(__init__)
86,0.000,0.000,0.002,0.000,<frozen importlib._bootstrap>:403(cached)
98,0.000,0.000,0.000,0.000,<frozen importlib._bootstrap>:416(parent)
47,0.000,0.000,0.000,0.000,<frozen importlib._bootstrap>:424(has_location)
823,0.001,0.000,0.002,0.000,<frozen importlib._bootstrap_external>:58(<listcomp>)
10,0.000,0.000,0.000,0.000,<frozen importlib._bootstrap>:433(spec_from_loader)
47,0.001,0.000,0.003,0.000,<frozen importlib._bootstrap>:504(_init_module_attrs)
47,0.000,0.000,0.013,0.000,<frozen importlib._bootstrap>:576(module_from_spec)
9/8,0.000,0.000,0.075,0.009,<frozen importlib._bootstrap>:634(_load_backward_compatible)
56/6,0.001,0.000,0.337,0.056,<frozen importlib._bootstrap>:663(_load_unlocked)
2,0.000,0.000,0.003,0.002,<frozen importlib._bootstrap>:686(_load)
55,0.000,0.000,0.000,0.000,<frozen importlib._bootstrap>:719(find_spec)
1,0.000,0.000,0.000,0.000,<frozen importlib._bootstrap>:740(create_module)
1,0.000,0.000,0.000,0.000,<frozen importlib._bootstrap>:748(exec_module)
1,0.000,0.000,0.000,0.000,<frozen importlib._bootstrap>:765(is_package)
823,0.005,0.000,0.007,0.000,<frozen importlib._bootstrap_external>:56(_path_join)
54,0.000,0.000,0.000,0.000,<frozen importlib._bootstrap>:792(find_spec)
84,0.001,0.000,0.001,0.000,<frozen importlib._bootstrap_external>:62(_path_split)
187,0.000,0.000,0.000,0.000,<frozen importlib._bootstrap>:855(__enter__)
187,0.000,0.000,0.000,0.000,<frozen importlib._bootstrap>:859(__exit__)
426,0.001,0.000,0.035,0.000,<frozen importlib._bootstrap_external>:74(_path_stat)
24,0.000,0.000,0.000,0.000,<frozen importlib._bootstrap>:873(_find_spec_legacy)
55,0.001,0.000,0.034,0.001,<frozen importlib._bootstrap>:882(_find_spec)
55/6,0.001,0.000,0.340,0.057,<frozen importlib._bootstrap>:948(_find_and_load_unlocked)
55/6,0.001,0.000,0.341,0.057,<frozen importlib._bootstrap>:978(_find_and_load)
109/56,0.000,0.000,0.078,0.001,<frozen importlib._bootstrap>:1009(_handle_fromlist)
258,0.001,0.000,0.016,0.000,<frozen importlib._bootstrap_external>:84(_path_is_mode_type)
218,0.000,0.000,0.013,0.000,<frozen importlib._bootstrap_external>:93(_path_isfile)
40,0.000,0.000,0.003,0.000,<frozen importlib._bootstrap_external>:98(_path_isdir)
84,0.001,0.000,0.002,0.000,<frozen importlib._bootstrap_external>:271(cache_from_source)
44,0.000,0.000,0.002,0.000,<frozen importlib._bootstrap_external>:369(_get_cached)
42,0.000,0.000,0.000,0.000,<frozen importlib._bootstrap_external>:401(_check_name_wrapper)
39,0.000,0.000,0.017,0.000,<frozen importlib._bootstrap_external>:421(_find_module_shim)
42,0.000,0.000,0.001,0.000,<frozen importlib._bootstrap_external>:438(_classify_pyc)
42,0.000,0.000,0.000,0.000,<frozen importlib._bootstrap_external>:471(_validate_timestamp_pyc)
42,0.000,0.000,0.016,0.000,<frozen importlib._bootstrap_external>:523(_compile_bytecode)
44,0.000,0.000,0.001,0.000,<frozen importlib._bootstrap_external>:574(spec_from_file_location)
42,0.000,0.000,0.000,0.000,<frozen importlib._bootstrap_external>:719(create_module)
42/6,0.000,0.000,0.336,0.056,<frozen importlib._bootstrap_external>:722(exec_module)
42,0.001,0.000,0.064,0.002,<frozen importlib._bootstrap_external>:793(get_code)
42,0.000,0.000,0.000,0.000,<frozen importlib._bootstrap_external>:884(__init__)
42,0.000,0.000,0.000,0.000,<frozen importlib._bootstrap_external>:909(get_filename)
42,0.035,0.001,0.040,0.001,<frozen importlib._bootstrap_external>:914(get_data)
42,0.000,0.000,0.005,0.000,<frozen importlib._bootstrap_external>:951(path_stats)
4,0.000,0.000,0.000,0.000,<frozen importlib._bootstrap_external>:1029(__init__)
4,0.000,0.000,0.009,0.002,<frozen importlib._bootstrap_external>:1040(create_module)
4,0.000,0.000,0.000,0.000,<frozen importlib._bootstrap_external>:1048(exec_module)
7,0.001,0.000,0.002,0.000,<frozen importlib._bootstrap_external>:1190(_path_hooks)
97,0.000,0.000,0.002,0.000,<frozen importlib._bootstrap_external>:1203(_path_importer_cache)
54,0.001,0.000,0.032,0.001,<frozen importlib._bootstrap_external>:1240(_get_spec)
54,0.000,0.000,0.032,0.001,<frozen importlib._bootstrap_external>:1272(find_spec)
64,0.000,0.000,0.000,0.000,<frozen importlib._bootstrap_external>:1325(<genexpr>)
8,0.000,0.000,0.000,0.000,<frozen importlib._bootstrap_external>:1319(__init__)
39,0.000,0.000,0.016,0.000,<frozen importlib._bootstrap_external>:1339(find_loader)
44,0.000,0.000,0.001,0.000,<frozen importlib._bootstrap_external>:1351(_get_spec)
126,0.004,0.000,0.045,0.000,<frozen importlib._bootstrap_external>:1356(find_spec)
8,0.000,0.000,0.000,0.000,<frozen importlib._bootstrap_external>:1433(<setcomp>)
8,0.000,0.000,0.002,0.000,<frozen importlib._bootstrap_external>:1404(_fill_cache)
8,0.000,0.000,0.001,0.000,<frozen importlib._bootstrap_external>:1445(path_hook_for_FileFinder)
1,0.000,0.000,0.000,0.000,C:\Python\lib\codecs.py:260(__init__)
1,0.000,0.000,0.000,0.000,C:\Python\lib\codecs.py:309(__init__)
30,0.000,0.000,0.000,0.000,C:\Python\lib\codecs.py:319(decode)
6,0.000,0.000,0.000,0.000,C:\Python\lib\abc.py:7(abstractmethod)
8,0.000,0.000,0.001,0.000,C:\Python\lib\abc.py:125(__new__)
1,0.000,0.000,0.000,0.000,C:\Python\lib\abc.py:130(register)
133,0.000,0.000,0.000,0.000,C:\Python\lib\abc.py:137(__instancecheck__)
11/1,0.000,0.000,0.000,0.000,C:\Python\lib\abc.py:141(__subclasscheck__)
2,0.000,0.000,0.000,0.000,C:\Python\lib\os.py:673(__getitem__)
2,0.000,0.000,0.000,0.000,C:\Python\lib\os.py:737(check_str)
2,0.000,0.000,0.000,0.000,C:\Python\lib\os.py:743(encodekey)
22,0.000,0.000,0.000,0.000,C:\programs\python\projects\excercises\game\pygtest.py:45(__init__)
726,0.000,0.000,0.001,0.000,C:\Python\lib\ntpath.py:34(_get_bothseps)
12,0.000,0.000,0.000,0.000,C:\Python\lib\ntpath.py:44(normcase)
116,0.000,0.000,0.001,0.000,C:\Python\lib\ntpath.py:67(isabs)
476,0.002,0.000,0.005,0.000,C:\Python\lib\ntpath.py:75(join)
1707,0.004,0.000,0.006,0.000,C:\Python\lib\ntpath.py:122(splitdrive)
610,0.004,0.000,0.008,0.000,C:\Python\lib\ntpath.py:178(split)
527,0.001,0.000,0.004,0.000,C:\Python\lib\ntpath.py:201(splitext)
162,0.000,0.000,0.003,0.000,C:\Python\lib\ntpath.py:212(basename)
438,0.000,0.000,0.005,0.000,C:\Python\lib\ntpath.py:219(dirname)
26,0.000,0.000,0.000,0.000,C:\Python\lib\ntpath.py:450(normpath)
12,0.000,0.000,0.000,0.000,C:\Python\lib\ntpath.py:523(abspath)
98,0.000,0.000,0.007,0.000,C:\Python\lib\genericpath.py:16(exists)
2,0.000,0.000,0.000,0.000,C:\Python\lib\genericpath.py:27(isfile)
527,0.001,0.000,0.003,0.000,C:\Python\lib\genericpath.py:117(_splitext)
8,0.000,0.000,0.000,0.000,C:\Python\lib\types.py:164(__get__)
11,0.000,0.000,0.000,0.000,C:\Python\lib\_collections_abc.py:392(__subclasshook__)
1,0.000,0.000,0.000,0.000,C:\Python\lib\_collections_abc.py:657(get)
1,0.000,0.000,0.000,0.000,C:\Python\lib\_collections_abc.py:664(__contains__)
2,0.000,0.000,0.000,0.000,C:\Python\lib\_collections_abc.py:816(clear)
1,0.000,0.000,0.000,0.000,C:\Python\lib\warnings.py:130(filterwarnings)
39,0.000,0.000,0.000,0.000,C:\Python\lib\warnings.py:165(simplefilter)
40,0.000,0.000,0.000,0.000,C:\Python\lib\warnings.py:181(_add_filter)
39,0.000,0.000,0.000,0.000,C:\Python\lib\warnings.py:453(__init__)
39,0.000,0.000,0.000,0.000,C:\Python\lib\warnings.py:474(__enter__)
39,0.000,0.000,0.000,0.000,C:\Python\lib\warnings.py:493(__exit__)
1267,0.048,0.000,0.060,0.000,C:\programs\python\projects\excercises\game\pygtest.py:54(update)
5845,0.022,0.000,0.030,0.000,C:\programs\python\projects\excercises\game\pygtest.py:51(apply_rect)
4,0.000,0.000,0.000,0.000,C:\programs\python\projects\excercises\game\pygtest.py:69(__init__)
88,0.000,0.000,0.003,0.000,C:\programs\python\projects\excercises\game\pygtest.py:83(init_sprite)
84,0.001,0.000,0.001,0.000,C:\programs\python\projects\excercises\game\pygtest.py:86(killsprite)
67,0.003,0.000,0.223,0.003,C:\programs\python\projects\excercises\game\pygtest.py:90(move)
67,0.000,0.000,0.112,0.002,C:\programs\python\projects\excercises\game\pygtest.py:111(sprites_face_me)
68,0.000,0.000,0.002,0.000,C:\programs\python\projects\excercises\game\pygtest.py:117(<setcomp>)
1,0.000,0.000,0.000,0.000,C:\Python\lib\contextlib.py:210(contextmanager)
68,0.001,0.000,0.003,0.000,C:\programs\python\projects\excercises\game\pygtest.py:115(get_los)
272,0.001,0.000,0.001,0.000,C:\programs\python\projects\excercises\game\pygtest.py:120(check_los)
14,0.000,0.000,0.002,0.000,C:\programs\python\projects\excercises\game\pygtest.py:136(__init__)
14,0.000,0.000,0.000,0.000,C:\programs\python\projects\excercises\game\pygtest.py:149(create_angle)
2002,0.020,0.000,0.117,0.000,C:\programs\python\projects\excercises\game\pygtest.py:156(update)
88,0.000,0.000,0.002,0.000,C:\programs\python\projects\excercises\game\pygtest.py:172(__init__)
88,0.000,0.000,0.000,0.000,C:\programs\python\projects\excercises\game\pygtest.py:187(init_image)
9,0.000,0.000,0.000,0.000,C:\Python\lib\functools.py:37(update_wrapper)
8,0.000,0.000,0.000,0.000,C:\Python\lib\functools.py:67(wraps)
78,0.001,0.000,0.112,0.001,C:\programs\python\projects\excercises\game\pygtest.py:232(change_angle)
5068,0.026,0.000,0.965,0.000,C:\programs\python\projects\excercises\game\pygtest.py:221(rotate_flow)
612,0.016,0.000,1.146,0.002,C:\programs\python\projects\excercises\game\pygtest.py:211(rotate_image)
88,0.000,0.000,0.003,0.000,C:\programs\python\projects\excercises\game\pygtest.py:199(__init__)
1,0.000,0.000,0.000,0.000,C:\programs\python\projects\excercises\game\pygtest.py:328(make_playable)
4,0.000,0.000,0.000,0.000,C:\programs\python\projects\excercises\game\pygtest.py:321(create_obj)
21,0.021,0.001,0.023,0.001,C:\programs\python\projects\excercises\game\pygtest.py:306(destroy_imgs)
22,0.001,0.000,0.089,0.004,C:\programs\python\projects\excercises\game\pygtest.py:297(init_imgs)
22,0.025,0.001,2.457,0.112,C:\programs\python\projects\excercises\game\pygtest.py:286(init_pg_objects)
22,0.000,0.000,0.001,0.000,C:\programs\python\projects\excercises\game\pygtest.py:281(init_sprite_groups)
1,0.000,0.000,0.000,0.000,C:\programs\python\projects\excercises\game\pygtest.py:275(load_objects)
1267,0.072,0.000,8.995,0.007,C:\programs\python\projects\excercises\game\pygtest.py:348(draw_game)
1,0.000,0.000,0.510,0.510,C:\programs\python\projects\excercises\game\pygtest.py:246(__init__)
1267,0.028,0.000,1.208,0.001,C:\programs\python\projects\excercises\game\pygtest.py:335(update)
1267,0.025,0.000,16.206,0.013,C:\programs\python\projects\excercises\game\pygtest.py:342(draw)
5068,0.024,0.000,0.989,0.000,C:\programs\python\projects\excercises\game\pygtest.py:240(update)
14,0.000,0.000,0.000,0.000,C:\Python\lib\collections\__init__.py:388(<genexpr>)
3,0.000,0.000,0.001,0.000,C:\Python\lib\collections\__init__.py:316(namedtuple)
1,0.025,0.025,27.506,27.506,C:\programs\python\projects\excercises\game\pygtest.py:368(mainloop)
1,0.000,0.000,0.000,0.000,C:\programs\python\projects\excercises\game\pygtest.py:409(<listcomp>)
1267,0.120,0.000,0.940,0.001,C:\programs\python\projects\excercises\game\pygtest.py:387(draw_grid)
1267,0.028,0.000,0.145,0.000,C:\programs\python\projects\excercises\game\pygtest.py:382(draw_FPS)
81,0.001,0.000,0.225,0.003,C:\programs\python\projects\excercises\game\pygtest.py:375(gamemode_controls)
80,0.012,0.000,1.497,0.019,C:\programs\python\projects\excercises\game\pygtest.py:482(resize)
1,0.000,0.000,28.016,28.016,C:\programs\python\projects\excercises\game\pygtest.py:406(__init__)
1,0.000,0.000,27.506,27.506,C:\programs\python\projects\excercises\game\pygtest.py:417(run)
1,0.000,0.000,0.441,0.441,C:\programs\python\projects\excercises\game\pygtest.py:440(quit)
8,0.001,0.000,0.884,0.110,C:\programs\python\projects\excercises\game\pygtest.py:461(change_resolution)
1267,0.014,0.000,5.417,0.004,C:\programs\python\projects\excercises\game\pygtest.py:444(events)
21,0.001,0.000,2.350,0.112,C:\programs\python\projects\excercises\game\pygtest.py:495(change_windowsize)
2,0.000,0.000,0.000,0.000,C:\Python\lib\functools.py:791(register)
1,0.000,0.000,0.000,0.000,C:\Python\lib\functools.py:750(singledispatch)
153,0.001,0.000,0.002,0.000,C:\Python\lib\random.py:174(randrange)
245,0.001,0.000,0.002,0.000,C:\Python\lib\random.py:224(_randbelow)
92,0.000,0.000,0.000,0.000,C:\Python\lib\random.py:256(choice)
153,0.000,0.000,0.002,0.000,C:\Python\lib\random.py:218(randint)
80,0.000,0.000,0.033,0.000,C:\Python\lib\site-packages\PIL\Image.py:373(preinit)
168,0.001,0.000,0.002,0.000,C:\Python\lib\site-packages\PIL\Image.py:445(_getdecoder)
692,0.009,0.000,0.014,0.000,C:\Python\lib\site-packages\PIL\Image.py:466(_getencoder)
2830,0.008,0.000,0.008,0.000,C:\Python\lib\site-packages\PIL\Image.py:552(__init__)
2520,0.002,0.000,0.002,0.000,C:\Python\lib\site-packages\PIL\Image.py:572(size)
2072,0.016,0.000,0.024,0.000,C:\Python\lib\site-packages\PIL\Image.py:576(_new)
2826,0.005,0.000,0.006,0.000,C:\Python\lib\site-packages\PIL\Image.py:595(__exit__)
2826,0.005,0.000,0.011,0.000,C:\Python\lib\site-packages\PIL\Image.py:633(__del__)
692,0.014,0.000,0.129,0.000,C:\Python\lib\site-packages\PIL\Image.py:738(tobytes)
88,0.000,0.000,0.002,0.000,C:\Python\lib\site-packages\PIL\Image.py:811(frombytes)
3346,0.008,0.000,0.013,0.000,C:\Python\lib\site-packages\PIL\Image.py:842(load)
1292,0.014,0.000,0.130,0.000,C:\Python\lib\site-packages\PIL\Image.py:892(convert)
19,0.000,0.000,0.096,0.005,C:\Python\lib\site-packages\PIL\Image.py:1137(copy)
136/80,0.001,0.000,0.779,0.010,C:\Python\lib\site-packages\PIL\Image.py:1834(resize)
590,0.002,0.000,0.002,0.000,C:\Python\lib\site-packages\PIL\Image.py:1982(transform)
612,0.020,0.000,1.059,0.002,C:\Python\lib\site-packages\PIL\Image.py:1894(rotate)
1180/590,0.020,0.000,1.012,0.002,C:\Python\lib\site-packages\PIL\Image.py:2234(transform)
590,0.007,0.000,0.849,0.001,C:\Python\lib\site-packages\PIL\Image.py:2315(__transformer)
13,0.000,0.000,0.001,0.000,C:\Python\lib\site-packages\PIL\Image.py:2388(transpose)
766,0.003,0.000,0.004,0.000,C:\Python\lib\site-packages\PIL\Image.py:2455(_check_size)
678,0.007,0.000,0.029,0.000,C:\Python\lib\site-packages\PIL\Image.py:2473(new)
88,0.000,0.000,0.004,0.000,C:\Python\lib\site-packages\PIL\Image.py:2512(frombytes)
80,0.000,0.000,0.000,0.000,C:\Python\lib\site-packages\PIL\Image.py:2719(_decompression_bomb_check)
80,0.002,0.000,0.018,0.000,C:\Python\lib\site-packages\PIL\Image.py:2785(_open_core)
80,0.001,0.000,0.065,0.001,C:\Python\lib\site-packages\PIL\Image.py:2739(open)
7,0.000,0.000,0.000,0.000,C:\Python\lib\site-packages\PIL\Image.py:2928(register_open)
7,0.000,0.000,0.000,0.000,C:\Python\lib\site-packages\PIL\Image.py:2943(register_mime)
7,0.000,0.000,0.000,0.000,C:\Python\lib\site-packages\PIL\Image.py:2954(register_save)
2,0.000,0.000,0.000,0.000,C:\Python\lib\site-packages\PIL\Image.py:2965(register_save_all)
15,0.000,0.000,0.000,0.000,C:\Python\lib\site-packages\PIL\Image.py:2977(register_extension)
4,0.000,0.000,0.000,0.000,C:\Python\lib\site-packages\PIL\Image.py:2988(register_extensions)
88,0.000,0.000,0.000,0.000,C:\Python\lib\site-packages\PIL\_util.py:9(isStringType)
160,0.000,0.000,0.000,0.000,C:\Python\lib\site-packages\PIL\_util.py:15(isPath)
1,0.000,0.000,0.000,0.000,C:\Python\lib\logging\__init__.py:187(_checkLevel)
2,0.000,0.000,0.000,0.000,C:\Python\lib\logging\__init__.py:212(_acquireLock)
2,0.000,0.000,0.000,0.000,C:\Python\lib\logging\__init__.py:221(_releaseLock)
162,0.000,0.000,0.002,0.000,C:\Python\lib\re.py:185(sub)
55,0.000,0.000,0.046,0.001,C:\Python\lib\re.py:232(compile)
4,0.000,0.000,0.000,0.000,C:\Python\lib\re.py:252(escape)
217,0.001,0.000,0.047,0.000,C:\Python\lib\re.py:271(_compile)
2,0.000,0.000,0.000,0.000,C:\Python\lib\enum.py:18(_is_descriptor)
4,0.000,0.000,0.000,0.000,C:\Python\lib\enum.py:26(_is_dunder)
4,0.000,0.000,0.000,0.000,C:\Python\lib\enum.py:34(_is_sunder)
1,0.000,0.000,0.000,0.000,C:\Python\lib\enum.py:64(__init__)
4,0.000,0.000,0.000,0.000,C:\Python\lib\enum.py:70(__setitem__)
1,0.000,0.000,0.000,0.000,C:\Python\lib\enum.py:125(__prepare__)
1,0.000,0.000,0.000,0.000,C:\Python\lib\enum.py:152(<dictcomp>)
1,0.000,0.000,0.000,0.000,C:\Python\lib\enum.py:177(<setcomp>)
1,0.000,0.000,0.000,0.000,C:\Python\lib\enum.py:135(__new__)
61,0.000,0.000,0.001,0.000,C:\Python\lib\enum.py:284(__call__)
1,0.000,0.000,0.000,0.000,C:\Python\lib\enum.py:335(__getattr__)
1,0.000,0.000,0.000,0.000,C:\Python\lib\enum.py:360(__members__)
8,0.000,0.000,0.000,0.000,C:\Python\lib\enum.py:376(__setattr__)
1,0.000,0.000,0.001,0.001,C:\Python\lib\enum.py:389(_create_)
3,0.000,0.000,0.000,0.000,C:\Python\lib\enum.py:453(_find_data_type)
3,0.000,0.000,0.000,0.000,C:\Python\lib\enum.py:442(_get_mixins_)
1,0.000,0.000,0.000,0.000,C:\Python\lib\enum.py:474(_find_new_)
88,0.000,0.000,0.000,0.000,C:\Python\lib\sre_compile.py:65(_combine_flags)
60,0.000,0.000,0.000,0.000,C:\Python\lib\enum.py:526(__new__)
2,0.000,0.000,0.000,0.000,C:\Python\lib\enum.py:566(_generate_next_value_)
2,0.000,0.000,0.000,0.000,C:\Python\lib\enum.py:610(__hash__)
8,0.000,0.000,0.000,0.000,C:\Python\lib\enum.py:628(value)
471/24,0.004,0.000,0.012,0.001,C:\Python\lib\sre_compile.py:71(_compile)
177,0.000,0.000,0.001,0.000,C:\Python\lib\sre_compile.py:249(_compile_charset)
177,0.004,0.000,0.005,0.000,C:\Python\lib\sre_compile.py:276(_optimize_charset)
6,0.000,0.000,0.000,0.000,C:\Python\lib\enum.py:830(__or__)
24,0.000,0.000,0.000,0.000,C:\Python\lib\enum.py:836(__and__)
15,0.000,0.000,0.000,0.000,C:\Python\lib\sre_compile.py:413(<listcomp>)
15,0.000,0.000,0.000,0.000,C:\Python\lib\sre_compile.py:411(_mk_bitmap)
6,0.000,0.000,0.000,0.000,C:\Python\lib\sre_compile.py:416(_bytes_to_codes)
220,0.000,0.000,0.001,0.000,C:\Python\lib\sre_compile.py:423(_simple)
4,0.000,0.000,0.000,0.000,C:\Python\lib\sre_compile.py:432(_generate_overlap_table)
54,0.000,0.000,0.000,0.000,C:\Python\lib\sre_compile.py:453(_get_iscased)
34/24,0.000,0.000,0.000,0.000,C:\Python\lib\sre_compile.py:461(_get_literal_prefix)
20,0.000,0.000,0.000,0.000,C:\Python\lib\sre_compile.py:492(_get_charset_prefix)
24,0.000,0.000,0.001,0.000,C:\Python\lib\sre_compile.py:536(_compile_info)
48,0.000,0.000,0.000,0.000,C:\Python\lib\sre_compile.py:595(isstring)
24,0.000,0.000,0.013,0.001,C:\Python\lib\sre_compile.py:598(_code)
24,0.000,0.000,0.045,0.002,C:\Python\lib\sre_compile.py:759(compile)
24,0.000,0.000,0.000,0.000,C:\Python\lib\sre_parse.py:76(__init__)
196,0.000,0.000,0.000,0.000,C:\Python\lib\sre_parse.py:81(groups)
70,0.000,0.000,0.000,0.000,C:\Python\lib\sre_parse.py:84(opengroup)
70,0.000,0.000,0.002,0.000,C:\Python\lib\sre_parse.py:96(closegroup)
542,0.001,0.000,0.001,0.000,C:\Python\lib\sre_parse.py:111(__init__)
1115,0.001,0.000,0.001,0.000,C:\Python\lib\sre_parse.py:160(__len__)
3389,0.002,0.000,0.003,0.000,C:\Python\lib\sre_parse.py:164(__getitem__)
244,0.000,0.000,0.000,0.000,C:\Python\lib\sre_parse.py:168(__setitem__)
785,0.000,0.000,0.001,0.000,C:\Python\lib\sre_parse.py:172(append)
541/102,0.002,0.000,0.002,0.000,C:\Python\lib\sre_parse.py:174(getwidth)
471,0.000,0.000,0.000,0.000,C:\Python\lib\copyreg.py:87(__newobj__)
24,0.000,0.000,0.000,0.000,C:\Python\lib\sre_parse.py:224(__init__)
10218,0.006,0.000,0.006,0.000,C:\Python\lib\sre_parse.py:233(__next)
1289,0.001,0.000,0.001,0.000,C:\Python\lib\sre_parse.py:249(match)
9417,0.004,0.000,0.010,0.000,C:\Python\lib\sre_parse.py:254(get)
29,0.000,0.000,0.000,0.000,C:\Python\lib\sre_parse.py:258(getwhile)
35,0.000,0.000,0.000,0.000,C:\Python\lib\sre_parse.py:267(getuntil)
664,0.000,0.000,0.001,0.000,C:\Python\lib\sre_parse.py:286(tell)
88,0.000,0.000,0.001,0.000,C:\Python\lib\sre_parse.py:295(_class_escape)
73,0.000,0.000,0.000,0.000,C:\Python\lib\sre_parse.py:343(_escape)
122,0.000,0.000,0.000,0.000,C:\Python\lib\sre_parse.py:408(_uniq)
173/24,0.001,0.000,0.030,0.001,C:\Python\lib\sre_parse.py:417(_parse_sub)
287/24,0.010,0.000,0.030,0.001,C:\Python\lib\sre_parse.py:475(_parse)
24,0.000,0.000,0.000,0.000,C:\Python\lib\sre_parse.py:903(fix_flags)
24,0.000,0.000,0.031,0.001,C:\Python\lib\sre_parse.py:919(parse)
17,0.000,0.000,0.000,0.000,C:\Python\lib\copyreg.py:96(_slotnames)
116,0.000,0.000,0.000,0.000,C:\Python\lib\posixpath.py:41(_get_sep)
116,0.000,0.000,0.000,0.000,C:\Python\lib\posixpath.py:64(isabs)
400,0.000,0.000,0.000,0.000,C:\Python\lib\site-packages\PIL\_binary.py:19(i8)
1,0.000,0.000,0.000,0.000,C:\Python\lib\logging\__init__.py:727(__init__)
80,0.000,0.000,0.000,0.000,C:\Python\lib\site-packages\PIL\_binary.py:56(i32le)
1,0.000,0.000,0.000,0.000,C:\Python\lib\logging\__init__.py:1175(append)
1,0.000,0.000,0.000,0.000,C:\Python\lib\logging\__init__.py:1221(getLogger)
1,0.000,0.000,0.000,0.000,C:\Python\lib\logging\__init__.py:1272(_fixupParents)
1216,0.001,0.000,0.003,0.000,C:\Python\lib\site-packages\PIL\_binary.py:80(i32be)
1,0.000,0.000,0.000,0.000,C:\Python\lib\logging\__init__.py:1341(__init__)
304,0.000,0.000,0.001,0.000,C:\Python\lib\logging\__init__.py:1361(debug)
1,0.000,0.000,0.000,0.000,C:\Python\lib\logging\__init__.py:1605(getEffectiveLevel)
304,0.000,0.000,0.000,0.000,C:\Python\lib\logging\__init__.py:1619(isEnabledFor)
1,0.000,0.000,0.000,0.000,C:\Python\lib\logging\__init__.py:1930(getLogger)
26,0.000,0.000,0.009,0.000,C:\Python\lib\traceback.py:200(extract_stack)
78,0.000,0.000,0.000,0.000,C:\Python\lib\traceback.py:243(__init__)
26,0.000,0.000,0.000,0.000,C:\Python\lib\traceback.py:272(__getitem__)
104,0.000,0.000,0.004,0.000,C:\Python\lib\traceback.py:282(line)
104,0.000,0.000,0.000,0.000,C:\Python\lib\traceback.py:289(walk_stack)
26,0.001,0.000,0.009,0.000,C:\Python\lib\traceback.py:318(extract)
78,0.000,0.000,0.003,0.000,C:\Python\lib\linecache.py:15(getline)
78,0.000,0.000,0.003,0.000,C:\Python\lib\linecache.py:37(getlines)
26,0.000,0.000,0.004,0.000,C:\Python\lib\linecache.py:53(checkcache)
1,0.000,0.000,0.003,0.003,C:\Python\lib\linecache.py:82(updatecache)
78,0.000,0.000,0.000,0.000,C:\Python\lib\linecache.py:147(lazycache)
2,0.000,0.000,0.000,0.000,C:\Python\lib\tokenize.py:374(read_or_stop)
2,0.000,0.000,0.000,0.000,C:\Python\lib\tokenize.py:380(find_cookie)
1,0.000,0.000,0.000,0.000,C:\Python\lib\tokenize.py:350(detect_encoding)
1,0.000,0.000,0.000,0.000,C:\Python\lib\tokenize.py:443(open)
1,0.000,0.000,0.000,0.000,C:\Python\lib\weakref.py:356(__init__)
2,0.000,0.000,0.000,0.000,C:\Python\lib\weakref.py:476(popitem)
1,0.000,0.000,0.000,0.000,C:\Python\lib\site-packages\pygame\compat.py:74(get_BytesIO)
102,0.000,0.000,0.001,0.000,C:\Python\lib\site-packages\pygame\sprite.py:121(__init__)
204/102,0.001,0.000,0.001,0.000,C:\Python\lib\site-packages\pygame\sprite.py:126(add)
204,0.000,0.000,0.000,0.000,C:\Python\lib\site-packages\pygame\sprite.py:162(add_internal)
178,0.000,0.000,0.001,0.000,C:\Python\lib\site-packages\pygame\sprite.py:183(kill)
69,0.000,0.000,0.000,0.000,C:\Python\lib\site-packages\pygame\sprite.py:300(__init__)
2555,0.014,0.000,0.014,0.000,C:\Python\lib\site-packages\pygame\sprite.py:304(sprites)
204,0.000,0.000,0.000,0.000,C:\Python\lib\site-packages\pygame\sprite.py:317(add_internal)
188,0.000,0.000,0.000,0.000,C:\Python\lib\site-packages\pygame\sprite.py:320(remove_internal)
2555,0.011,0.000,0.028,0.000,C:\Python\lib\site-packages\pygame\sprite.py:340(__iter__)
69,0.000,0.000,0.000,0.000,C:\Python\lib\site-packages\pygame\sprite.py:346(add)
69,0.000,0.000,0.000,0.000,C:\Python\lib\site-packages\pygame\sprite.py:551(__init__)
2993,0.002,0.000,0.003,0.000,C:\Python\lib\site-packages\pygame\sysfont.py:56(<genexpr>)
214,0.000,0.000,0.004,0.000,C:\Python\lib\site-packages\pygame\sysfont.py:53(_simplename)
192,0.000,0.000,0.000,0.000,C:\Python\lib\site-packages\pygame\sysfont.py:59(_addfont)
1,0.002,0.002,0.014,0.014,C:\Python\lib\site-packages\pygame\sysfont.py:66(initsysfonts_win32)
1,0.000,0.000,0.000,0.000,C:\Python\lib\site-packages\pygame\sysfont.py:242(create_aliases)
1,0.000,0.000,0.014,0.014,C:\Python\lib\site-packages\pygame\sysfont.py:268(initsysfonts)
22,0.027,0.001,0.027,0.001,C:\Python\lib\site-packages\pygame\sysfont.py:282(font_constructor)
22,0.000,0.000,0.042,0.002,C:\Python\lib\site-packages\pygame\sysfont.py:296(SysFont)
471,0.002,0.000,0.006,0.000,C:\Python\lib\copy.py:66(copy)
471,0.001,0.000,0.003,0.000,C:\Python\lib\copy.py:268(_reconstruct)
20,0.000,0.000,0.000,0.000,C:\Python\lib\inspect.py:478(getmro)
10,0.000,0.000,0.000,0.000,C:\Python\lib\site-packages\six.py:184(find_module)
1,0.000,0.000,0.000,0.000,C:\Python\lib\site-packages\pygame\pkgdata.py:34(getResource)
1,0.000,0.000,0.304,0.304,C:\Python\lib\site-packages\pygame\pkgdata.py:18(<module>)
4,0.000,0.000,0.000,0.000,C:\Python\lib\site-packages\pkg_resources\__init__.py:137(_declare_state)
1,0.000,0.000,0.000,0.000,C:\Python\lib\site-packages\pkg_resources\__init__.py:120(PEP440Warning)
1,0.000,0.000,0.002,0.002,C:\Python\lib\site-packages\pkg_resources\__init__.py:177(get_supported_platform)
1,0.000,0.000,0.000,0.000,C:\Python\lib\site-packages\pkg_resources\__init__.py:251(ResolutionError)
1,0.000,0.000,0.000,0.000,C:\Python\lib\site-packages\pkg_resources\__init__.py:258(VersionConflict)
1,0.000,0.000,0.000,0.000,C:\Python\lib\site-packages\pkg_resources\__init__.py:290(ContextualVersionConflict)
80,0.000,0.000,0.000,0.000,C:\Python\lib\site-packages\PIL\JpegImagePlugin.py:329(_accept)
1,0.000,0.000,0.000,0.000,C:\Python\lib\site-packages\PIL\JpegImagePlugin.py:337(JpegImageFile)
1,0.000,0.000,0.005,0.005,C:\Python\lib\site-packages\PIL\JpegImagePlugin.py:35(<module>)
1,0.000,0.000,0.000,0.000,C:\Python\lib\site-packages\PIL\TiffImagePlugin.py:146(<dictcomp>)
80,0.000,0.000,0.000,0.000,C:\Python\lib\site-packages\PIL\TiffImagePlugin.py:274(_accept)
28,0.000,0.000,0.000,0.000,C:\Python\lib\site-packages\PIL\TiffImagePlugin.py:369(_delegate)
1,0.000,0.000,0.000,0.000,C:\Python\lib\site-packages\PIL\TiffImagePlugin.py:295(IFDRational)
5,0.000,0.000,0.000,0.000,C:\Python\lib\site-packages\PIL\TiffImagePlugin.py:629(decorator)
5,0.000,0.000,0.000,0.000,C:\Python\lib\site-packages\PIL\TiffImagePlugin.py:628(_register_loader)
5,0.000,0.000,0.000,0.000,C:\Python\lib\site-packages\PIL\TiffImagePlugin.py:640(decorator)
5,0.000,0.000,0.000,0.000,C:\Python\lib\site-packages\PIL\TiffImagePlugin.py:639(_register_writer)
7,0.000,0.000,0.000,0.000,C:\Python\lib\site-packages\PIL\TiffImagePlugin.py:646(_register_basic)
1,0.000,0.000,0.000,0.000,C:\Python\lib\site-packages\PIL\TiffImagePlugin.py:413(ImageFileDirectory_v2)
1,0.000,0.000,0.000,0.000,C:\Python\lib\site-packages\PIL\TiffImagePlugin.py:896(ImageFileDirectory_v1)
1,0.000,0.000,0.000,0.000,C:\Python\lib\site-packages\PIL\TiffImagePlugin.py:991(TiffImageFile)
1,0.000,0.000,0.000,0.000,C:\Python\lib\site-packages\PIL\TiffImagePlugin.py:1652(AppendingTiffWriter)
1,0.000,0.000,0.001,0.001,C:\Python\lib\site-packages\PIL\TiffImagePlugin.py:42(<module>)
80,0.000,0.000,0.000,0.000,C:\Python\lib\site-packages\PIL\PpmImagePlugin.py:43(_accept)
1,0.000,0.000,0.000,0.000,C:\Python\lib\site-packages\PIL\JpegPresets.py:68(<module>)
1,0.000,0.000,0.000,0.000,C:\Python\lib\site-packages\PIL\PpmImagePlugin.py:51(PpmImageFile)
1,0.000,0.000,0.000,0.000,C:\Python\lib\site-packages\PIL\PpmImagePlugin.py:18(<module>)
16,0.000,0.000,0.001,0.000,C:\Python\lib\site-packages\PIL\PngImagePlugin.py:89(_safe_zlib_decompress)
384,0.000,0.000,0.001,0.000,C:\Python\lib\site-packages\PIL\PngImagePlugin.py:97(_crc32)
80,0.000,0.000,0.000,0.000,C:\Python\lib\site-packages\PIL\PngImagePlugin.py:106(__init__)
784,0.003,0.000,0.012,0.000,C:\Python\lib\site-packages\PIL\PngImagePlugin.py:111(read)
80,0.000,0.000,0.000,0.000,C:\Python\lib\site-packages\PIL\PngImagePlugin.py:136(close)
272,0.001,0.000,0.006,0.000,C:\Python\lib\site-packages\PIL\PngImagePlugin.py:143(call)
192,0.001,0.000,0.002,0.000,C:\Python\lib\site-packages\PIL\PngImagePlugin.py:149(crc)
1,0.000,0.000,0.000,0.000,C:\Python\lib\site-packages\PIL\PngImagePlugin.py:105(ChunkStream)
1,0.000,0.000,0.000,0.000,C:\Python\lib\site-packages\PIL\PngImagePlugin.py:193(iTXt)
1,0.000,0.000,0.000,0.000,C:\Python\lib\site-packages\PIL\PngImagePlugin.py:215(PngInfo)
80,0.000,0.000,0.000,0.000,C:\Python\lib\site-packages\PIL\PngImagePlugin.py:295(__init__)
16,0.000,0.000,0.000,0.000,C:\Python\lib\site-packages\PIL\PngImagePlugin.py:310(check_text_memory)
16,0.000,0.000,0.001,0.000,C:\Python\lib\site-packages\PIL\PngImagePlugin.py:318(chunk_iCCP)
80,0.001,0.000,0.001,0.000,C:\Python\lib\site-packages\PIL\PngImagePlugin.py:347(chunk_IHDR)
80,0.000,0.000,0.000,0.000,C:\Python\lib\site-packages\PIL\PngImagePlugin.py:362(chunk_IDAT)
16,0.000,0.000,0.000,0.000,C:\Python\lib\site-packages\PIL\PngImagePlugin.py:403(chunk_gAMA)
144,0.000,0.000,0.000,0.000,C:\Python\lib\site-packages\PIL\PngImagePlugin.py:415(<genexpr>)
16,0.000,0.000,0.000,0.000,C:\Python\lib\site-packages\PIL\PngImagePlugin.py:409(chunk_cHRM)
16,0.000,0.000,0.000,0.000,C:\Python\lib\site-packages\PIL\PngImagePlugin.py:418(chunk_sRGB)
32,0.000,0.000,0.000,0.000,C:\Python\lib\site-packages\PIL\PngImagePlugin.py:429(chunk_pHYs)
16,0.000,0.000,0.000,0.000,C:\Python\lib\site-packages\PIL\PngImagePlugin.py:442(chunk_tEXt)
1,0.000,0.000,0.000,0.000,C:\Python\lib\site-packages\PIL\PngImagePlugin.py:294(PngStream)
80,0.000,0.000,0.000,0.000,C:\Python\lib\site-packages\PIL\PngImagePlugin.py:557(_accept)
80,0.001,0.000,0.013,0.000,C:\Python\lib\site-packages\PIL\PngImagePlugin.py:570(_open)
80,0.000,0.000,0.002,0.000,C:\Python\lib\site-packages\PIL\PngImagePlugin.py:642(load_prepare)
512,0.003,0.000,0.036,0.000,C:\Python\lib\site-packages\PIL\PngImagePlugin.py:650(load_read)
80,0.000,0.000,0.001,0.000,C:\Python\lib\site-packages\PIL\PngImagePlugin.py:676(load_end)
1,0.000,0.000,0.000,0.000,C:\Python\lib\site-packages\PIL\PngImagePlugin.py:565(PngImageFile)
1,0.000,0.000,0.000,0.000,C:\Python\lib\site-packages\PIL\PngImagePlugin.py:748(_idat)
1,0.000,0.000,0.001,0.001,C:\Python\lib\site-packages\PIL\PngImagePlugin.py:34(<module>)
1,0.000,0.000,0.000,0.000,C:\Python\lib\site-packages\pkg_resources\__init__.py:303(DistributionNotFound)
1,0.000,0.000,0.000,0.000,C:\Python\lib\site-packages\pkg_resources\__init__.py:330(UnknownExtra)
4,0.000,0.000,0.000,0.000,C:\Python\lib\site-packages\pkg_resources\__init__.py:344(register_loader_type)
2,0.000,0.000,0.000,0.000,C:\Python\lib\site-packages\pkg_resources\__init__.py:354(get_provider)
1,0.000,0.000,0.002,0.002,C:\Python\lib\site-packages\pkg_resources\__init__.py:387(get_build_platform)
1,0.000,0.000,0.000,0.000,C:\Python\lib\site-packages\pkg_resources\__init__.py:502(IMetadataProvider)
1,0.000,0.000,0.000,0.000,C:\Python\lib\site-packages\pkg_resources\__init__.py:525(IResourceProvider)
1,0.000,0.000,0.049,0.049,C:\Python\lib\site-packages\pkg_resources\__init__.py:556(__init__)
1,0.000,0.000,0.049,0.049,C:\Python\lib\site-packages\pkg_resources\__init__.py:569(_build_master)
18,0.000,0.000,0.097,0.005,C:\Python\lib\site-packages\pkg_resources\__init__.py:611(add_entry)
82,0.000,0.000,0.000,0.000,C:\Python\lib\site-packages\pkg_resources\__init__.py:668(__iter__)
162,0.001,0.000,0.003,0.000,C:\Python\lib\site-packages\pkg_resources\__init__.py:685(add)
1,0.000,0.000,0.000,0.000,C:\Python\lib\site-packages\pkg_resources\__init__.py:907(subscribe)
81,0.000,0.000,0.000,0.000,C:\Python\lib\site-packages\pkg_resources\__init__.py:921(_added_new)
1,0.000,0.000,0.000,0.000,C:\Python\lib\site-packages\pkg_resources\__init__.py:553(WorkingSet)
1,0.000,0.000,0.000,0.000,C:\Python\lib\site-packages\pkg_resources\__init__.py:939(_ReqExtras)
1,0.000,0.000,0.002,0.002,C:\Python\lib\site-packages\pkg_resources\__init__.py:959(Environment)
1,0.000,0.000,0.000,0.000,C:\Python\lib\site-packages\pkg_resources\__init__.py:1109(ExtractionError)
1,0.000,0.000,0.000,0.000,C:\Python\lib\site-packages\pkg_resources\__init__.py:1129(__init__)
1,0.000,0.000,0.000,0.000,C:\Python\lib\site-packages\pkg_resources\__init__.py:1132(resource_exists)
1,0.000,0.000,0.000,0.000,C:\Python\lib\site-packages\pkg_resources\__init__.py:1148(resource_stream)
1,0.000,0.000,0.000,0.000,C:\Python\lib\site-packages\pkg_resources\__init__.py:1125(ResourceManager)
162,0.000,0.000,0.002,0.000,C:\Python\lib\site-packages\pkg_resources\__init__.py:1317(safe_name)
178,0.001,0.000,0.010,0.000,C:\Python\lib\site-packages\pkg_resources\__init__.py:1325(safe_version)
2,0.000,0.000,0.000,0.000,C:\Python\lib\site-packages\pkg_resources\__init__.py:1390(__init__)
1,0.000,0.000,0.000,0.000,C:\Python\lib\site-packages\pkg_resources\__init__.py:1403(has_resource)
97,0.000,0.000,0.010,0.000,C:\Python\lib\site-packages\pkg_resources\__init__.py:1406(has_metadata)
17,0.000,0.000,0.005,0.000,C:\Python\lib\site-packages\pkg_resources\__init__.py:1409(get_metadata)
17,0.000,0.000,0.005,0.000,C:\Python\lib\site-packages\pkg_resources\__init__.py:1415(get_metadata_lines)
116,0.000,0.000,0.004,0.000,C:\Python\lib\site-packages\pkg_resources\__init__.py:1470(_fn)
116,0.000,0.000,0.002,0.000,C:\Python\lib\site-packages\pkg_resources\__init__.py:1476(_validate_resource_path)
1,0.000,0.000,0.000,0.000,C:\Python\lib\site-packages\pkg_resources\__init__.py:1383(NullProvider)
2,0.000,0.000,0.000,0.000,C:\Python\lib\site-packages\pkg_resources\__init__.py:1552(__init__)
2,0.000,0.000,0.000,0.000,C:\Python\lib\site-packages\pkg_resources\__init__.py:1556(_setup_prefix)
1,0.000,0.000,0.000,0.000,C:\Python\lib\site-packages\pkg_resources\__init__.py:1549(EggProvider)
98,0.000,0.000,0.007,0.000,C:\Python\lib\site-packages\pkg_resources\__init__.py:1574(_has)
1,0.000,0.000,0.000,0.000,C:\Python\lib\site-packages\pkg_resources\__init__.py:1583(get_resource_stream)
17,0.001,0.000,0.004,0.000,C:\Python\lib\site-packages\pkg_resources\__init__.py:1586(_get)
1,0.000,0.000,0.000,0.000,C:\Python\lib\site-packages\pkg_resources\__init__.py:1590(_register)
1,0.000,0.000,0.000,0.000,C:\Python\lib\site-packages\pkg_resources\__init__.py:1571(DefaultProvider)
1,0.000,0.000,0.000,0.000,C:\Python\lib\site-packages\pkg_resources\__init__.py:1614(__init__)
1,0.000,0.000,0.000,0.000,C:\Python\lib\site-packages\pkg_resources\__init__.py:1601(EmptyProvider)
1,0.000,0.000,0.000,0.000,C:\Python\lib\site-packages\pkg_resources\__init__.py:1621(ZipManifests)
1,0.000,0.000,0.000,0.000,C:\Python\lib\site-packages\pkg_resources\__init__.py:1648(MemoizedZipManifests)
1,0.000,0.000,0.000,0.000,C:\Python\lib\site-packages\pkg_resources\__init__.py:1668(ZipProvider)
1,0.000,0.000,0.000,0.000,C:\Python\lib\site-packages\pkg_resources\__init__.py:1843(FileMetadata)
162,0.000,0.000,0.000,0.000,C:\Python\lib\site-packages\pkg_resources\__init__.py:1902(__init__)
1,0.000,0.000,0.000,0.000,C:\Python\lib\site-packages\pkg_resources\__init__.py:1882(PathMetadata)
1,0.000,0.000,0.000,0.000,C:\Python\lib\site-packages\pkg_resources\__init__.py:1907(EggMetadata)
4,0.000,0.000,0.000,0.000,C:\Python\lib\site-packages\pkg_resources\__init__.py:1925(register_finder)
18,0.000,0.000,0.000,0.000,C:\Python\lib\site-packages\pkg_resources\__init__.py:1935(find_distributions)
2,0.000,0.000,0.000,0.000,C:\Python\lib\site-packages\pkg_resources\__init__.py:1972(find_nothing)
162,0.001,0.000,0.015,0.000,C:\Python\lib\site-packages\pkg_resources\__init__.py:2000(<listcomp>)
162,0.001,0.000,0.016,0.000,C:\Python\lib\site-packages\pkg_resources\__init__.py:1994(_by_version)
16,0.000,0.000,0.021,0.001,C:\Python\lib\site-packages\pkg_resources\__init__.py:1979(_by_version_descending)
178,0.001,0.000,0.003,0.000,C:\Python\lib\site-packages\pkg_resources\__init__.py:2023(<genexpr>)
178,0.001,0.000,0.094,0.001,C:\Python\lib\site-packages\pkg_resources\__init__.py:2005(find_on_path)
1258,0.001,0.000,0.002,0.000,C:\Python\lib\site-packages\pkg_resources\__init__.py:2037(dist_factory)
934,0.000,0.000,0.000,0.000,C:\Python\lib\site-packages\pkg_resources\__init__.py:2062(__bool__)
1,0.000,0.000,0.000,0.000,C:\Python\lib\site-packages\pkg_resources\__init__.py:2054(NoDists)
16,0.000,0.000,0.003,0.000,C:\Python\lib\site-packages\pkg_resources\__init__.py:2071(safe_listdir)
324,0.002,0.000,0.065,0.000,C:\Python\lib\site-packages\pkg_resources\__init__.py:2092(distributions_from_metadata)
4,0.000,0.000,0.000,0.000,C:\Python\lib\site-packages\pkg_resources\__init__.py:2141(register_namespace_handler)
40,0.000,0.000,0.018,0.000,C:\Python\lib\site-packages\pkg_resources\__init__.py:2159(_handle_ns)
1,0.000,0.000,0.002,0.002,C:\Python\lib\site-packages\pkg_resources\__init__.py:2224(declare_namespace)
81,0.000,0.000,0.016,0.000,C:\Python\lib\site-packages\pkg_resources\__init__.py:2258(fixup_namespace_packages)
10,0.000,0.000,0.001,0.000,C:\Python\lib\site-packages\pkg_resources\__init__.py:2297(normalize_path)
10,0.000,0.000,0.000,0.000,C:\Python\lib\site-packages\pkg_resources\__init__.py:2302(_cygwin_patch)
826,0.000,0.000,0.001,0.000,C:\Python\lib\site-packages\pkg_resources\__init__.py:2313(_normalize_cached)
26,0.000,0.000,0.000,0.000,C:\Python\lib\site-packages\pkg_resources\__init__.py:2321(_is_egg_path)
16,0.000,0.000,0.000,0.000,C:\Python\lib\site-packages\pkg_resources\__init__.py:2328(_is_unpacked_egg)
66,0.000,0.000,0.001,0.000,C:\Python\lib\site-packages\pkg_resources\__init__.py:2346(yield_lines)
1,0.000,0.000,0.001,0.001,C:\Python\lib\site-packages\pkg_resources\__init__.py:2375(EntryPoint)
48,0.000,0.000,0.000,0.000,C:\Python\lib\site-packages\pkg_resources\__init__.py:2521(is_version_line)
16,0.000,0.000,0.009,0.001,C:\Python\lib\site-packages\pkg_resources\__init__.py:2516(_version_from_file)
162,0.001,0.000,0.011,0.000,C:\Python\lib\site-packages\pkg_resources\__init__.py:2533(__init__)
162,0.002,0.000,0.025,0.000,C:\Python\lib\site-packages\pkg_resources\__init__.py:2546(from_location)
146,0.000,0.000,0.000,0.000,C:\Python\lib\site-packages\pkg_resources\__init__.py:2563(_reload_version)
567,0.001,0.000,0.001,0.000,C:\Python\lib\site-packages\pkg_resources\__init__.py:2605(key)
146,0.001,0.000,0.017,0.000,C:\Python\lib\site-packages\pkg_resources\__init__.py:2712(_get_metadata)
81,0.000,0.000,0.030,0.000,C:\Python\lib\site-packages\pkg_resources\__init__.py:2717(activate)
276,0.000,0.000,0.001,0.000,C:\Python\lib\site-packages\pkg_resources\__init__.py:2753(__getattr__)
81,0.000,0.000,0.001,0.000,C:\Python\lib\site-packages\pkg_resources\__init__.py:2837(<listcomp>)
81,0.000,0.000,0.002,0.000,C:\Python\lib\site-packages\pkg_resources\__init__.py:2811(insert_on)
1,0.000,0.000,0.000,0.000,C:\Python\lib\site-packages\pkg_resources\__init__.py:2529(Distribution)
16,0.000,0.000,0.009,0.001,C:\Python\lib\site-packages\pkg_resources\__init__.py:2923(_reload_version)
1,0.000,0.000,0.000,0.000,C:\Python\lib\site-packages\pkg_resources\__init__.py:2922(EggInfoDistribution)
1,0.000,0.000,0.000,0.000,C:\Python\lib\site-packages\pkg_resources\__init__.py:2941(DistInfoDistribution)
1,0.000,0.000,0.000,0.000,C:\Python\lib\site-packages\pkg_resources\__init__.py:3011(RequirementParseError)
1,0.000,0.000,0.000,0.000,C:\Python\lib\site-packages\pkg_resources\__init__.py:3038(Requirement)
20,0.000,0.000,0.000,0.000,C:\Python\lib\site-packages\pkg_resources\__init__.py:3092(_always_object)
20,0.000,0.000,0.000,0.000,C:\Python\lib\site-packages\pkg_resources\__init__.py:3102(_find_adapter)
2,0.000,0.000,0.128,0.064,C:\Python\lib\site-packages\pkg_resources\__init__.py:3174(_call_aside)
14,0.000,0.000,0.000,0.000,C:\Python\lib\site-packages\pkg_resources\__init__.py:3185(<genexpr>)
1,0.000,0.000,0.000,0.000,C:\Python\lib\site-packages\pkg_resources\__init__.py:3179(_initialize)
82,0.000,0.000,0.030,0.000,C:\Python\lib\site-packages\pkg_resources\__init__.py:3218(<genexpr>)
1,0.000,0.000,0.128,0.128,C:\Python\lib\site-packages\pkg_resources\__init__.py:3191(_initialize_master_working_set)
1,0.000,0.000,0.000,0.000,C:\Python\lib\site-packages\pkg_resources\__init__.py:3230(PkgResourcesDeprecationWarning)
1,0.001,0.001,0.294,0.294,C:\Python\lib\site-packages\pkg_resources\__init__.py:16(<module>)
1,0.000,0.000,0.000,0.000,C:\Python\lib\pkgutil.py:194(ImpImporter)
1,0.000,0.000,0.000,0.000,C:\Python\lib\pkgutil.py:268(ImpLoader)
58,0.000,0.000,0.000,0.000,C:\Python\lib\pkgutil.py:405(get_importer)
1,0.000,0.000,0.001,0.001,C:\Python\lib\pkgutil.py:1(<module>)
1,0.000,0.000,0.000,0.000,<string>:1(<module>)
1,0.000,0.000,0.000,0.000,C:\Python\lib\plistlib.py:139(Data)
1,0.000,0.000,0.000,0.000,C:\Python\lib\plistlib.py:247(_PlistParser)
1,0.000,0.000,0.000,0.000,C:\Python\lib\plistlib.py:351(_DumbXMLWriter)
1,0.000,0.000,0.000,0.000,C:\Python\lib\plistlib.py:389(_PlistWriter)
1,0.000,0.000,0.000,0.000,C:\Python\lib\plistlib.py:522(InvalidFileException)
1,0.000,0.000,0.000,0.000,C:\Python\lib\plistlib.py:530(_BinaryPlistParser)
1,0.000,0.000,0.000,0.000,C:\Python\lib\plistlib.py:699(_BinaryPlistWriter)
1,0.000,0.000,0.008,0.008,C:\Python\lib\plistlib.py:47(<module>)
1,0.000,0.000,0.000,0.000,C:\Python\lib\xml\parsers\__init__.py:8(<module>)
1,0.000,0.000,0.000,0.000,C:\Python\lib\xml\parsers\expat.py:1(<module>)
1,0.000,0.000,0.000,0.000,C:\Python\lib\site-packages\pkg_resources\extern\__init__.py:10(__init__)
12,0.000,0.000,0.000,0.000,C:\Python\lib\site-packages\pkg_resources\extern\__init__.py:15(search_path)
10,0.000,0.000,0.000,0.000,C:\Python\lib\site-packages\pkg_resources\extern\__init__.py:23(find_module)
6,0.000,0.000,0.075,0.013,C:\Python\lib\site-packages\pkg_resources\extern\__init__.py:35(load_module)
1,0.000,0.000,0.000,0.000,C:\Python\lib\site-packages\pkg_resources\extern\__init__.py:64(install)
1,0.000,0.000,0.000,0.000,C:\Python\lib\site-packages\pkg_resources\extern\__init__.py:4(VendorImporter)
1,0.000,0.000,0.000,0.000,C:\Python\lib\site-packages\pkg_resources\extern\__init__.py:1(<module>)
1,0.000,0.000,0.000,0.000,C:\Python\lib\site-packages\pkg_resources\_vendor\__init__.py:1(<module>)
8,0.000,0.000,0.000,0.000,C:\Python\lib\site-packages\pkg_resources\_vendor\six.py:75(_add_doc)
4,0.000,0.000,0.000,0.000,C:\Python\lib\site-packages\pkg_resources\_vendor\six.py:80(_import_module)
127,0.000,0.000,0.000,0.000,C:\Python\lib\site-packages\pkg_resources\_vendor\six.py:88(__init__)
4,0.000,0.000,0.000,0.000,C:\Python\lib\site-packages\pkg_resources\_vendor\six.py:91(__get__)
1,0.000,0.000,0.000,0.000,C:\Python\lib\site-packages\pkg_resources\_vendor\six.py:86(_LazyDescr)
44,0.000,0.000,0.000,0.000,C:\Python\lib\site-packages\pkg_resources\_vendor\six.py:105(__init__)
2,0.000,0.000,0.000,0.000,C:\Python\lib\site-packages\pkg_resources\_vendor\six.py:114(_resolve)
1,0.000,0.000,0.000,0.000,C:\Python\lib\site-packages\pkg_resources\_vendor\six.py:103(MovedModule)
6,0.000,0.000,0.000,0.000,C:\Python\lib\site-packages\pkg_resources\_vendor\six.py:126(__init__)
1,0.000,0.000,0.000,0.000,C:\Python\lib\site-packages\pkg_resources\_vendor\six.py:124(_LazyModule)
83,0.000,0.000,0.000,0.000,C:\Python\lib\site-packages\pkg_resources\_vendor\six.py:141(__init__)
1,0.000,0.000,0.000,0.000,C:\Python\lib\site-packages\pkg_resources\_vendor\six.py:139(MovedAttribute)
1,0.000,0.000,0.000,0.000,C:\Python\lib\site-packages\pkg_resources\_vendor\six.py:173(__init__)
51,0.000,0.000,0.000,0.000,C:\Python\lib\site-packages\pkg_resources\_vendor\six.py:177(_add_module)
5,0.000,0.000,0.000,0.000,C:\Python\lib\site-packages\pkg_resources\_vendor\six.py:181(_get_module)
1,0.000,0.000,0.000,0.000,C:\Python\lib\site-packages\pkg_resources\_vendor\six.py:164(_SixMetaPathImporter)
1,0.000,0.000,0.000,0.000,C:\Python\lib\site-packages\pkg_resources\_vendor\six.py:229(_MovedItems)
1,0.000,0.000,0.000,0.000,C:\Python\lib\site-packages\pkg_resources\_vendor\six.py:320(Module_six_moves_urllib_parse)
1,0.000,0.000,0.000,0.000,C:\Python\lib\site-packages\pkg_resources\_vendor\six.py:360(Module_six_moves_urllib_error)
1,0.000,0.000,0.000,0.000,C:\Python\lib\site-packages\pkg_resources\_vendor\six.py:380(Module_six_moves_urllib_request)
1,0.000,0.000,0.000,0.000,C:\Python\lib\site-packages\pkg_resources\_vendor\six.py:430(Module_six_moves_urllib_response)
1,0.000,0.000,0.000,0.000,C:\Python\lib\site-packages\pkg_resources\_vendor\six.py:451(Module_six_moves_urllib_robotparser)
1,0.000,0.000,0.000,0.000,C:\Python\lib\site-packages\pkg_resources\_vendor\six.py:469(Module_six_moves_urllib)
1,0.000,0.000,0.001,0.001,C:\Python\lib\site-packages\pkg_resources\_vendor\six.py:1(<module>)
2,0.000,0.000,0.000,0.000,C:\Python\lib\site-packages\pkg_resources\_vendor\six.py:159(_resolve)
4,0.000,0.000,0.000,0.000,C:\Python\lib\site-packages\pkg_resources\_vendor\six.py:184(find_module)
6,0.000,0.000,0.000,0.000,C:\Python\lib\site-packages\pkg_resources\_vendor\six.py:189(__get_module)
3,0.000,0.000,0.000,0.000,C:\Python\lib\site-packages\pkg_resources\_vendor\six.py:195(load_module)
3,0.000,0.000,0.000,0.000,C:\Python\lib\site-packages\pkg_resources\_vendor\six.py:209(is_package)
1,0.000,0.000,0.000,0.000,C:\Python\lib\site-packages\pkg_resources\py31compat.py:1(<module>)
1,0.000,0.000,0.000,0.000,C:\Python\lib\site-packages\pkg_resources\_vendor\appdirs.py:407(AppDirs)
1,0.000,0.000,0.032,0.032,C:\Python\lib\site-packages\pkg_resources\_vendor\appdirs.py:9(<module>)
1,0.000,0.000,0.000,0.000,C:\Python\lib\site-packages\win32com\__init__.py:26(SetupEnvironment)
1,0.000,0.000,0.000,0.000,C:\Python\lib\site-packages\win32com\__init__.py:76(__PackageSupportBuildPath__)
1,0.000,0.000,0.029,0.029,C:\Python\lib\site-packages\win32com\__init__.py:5(<module>)
1,0.000,0.000,0.000,0.000,<string>:2(__init__)
1,0.000,0.000,0.000,0.000,<string>:1(error)
1,0.000,0.000,0.000,0.000,<string>:11(com_error)
1,0.000,0.000,0.020,0.020,C:\Python\lib\site-packages\pythoncom.py:2(<module>)
2,0.000,0.000,0.014,0.007,C:\Python\lib\site-packages\win32\lib\pywintypes.py:3(__import_pywin32_system_module__)
1,0.000,0.000,0.012,0.012,C:\Python\lib\site-packages\win32\lib\pywintypes.py:2(<module>)
1,0.000,0.000,0.000,0.000,C:\Python\lib\imp.py:48(new_module)
2,0.000,0.000,0.000,0.000,C:\Python\lib\imp.py:107(<listcomp>)
2,0.000,0.000,0.000,0.000,C:\Python\lib\imp.py:108(<listcomp>)
2,0.000,0.000,0.000,0.000,C:\Python\lib\imp.py:109(<listcomp>)
2,0.000,0.000,0.000,0.000,C:\Python\lib\imp.py:105(get_suffixes)
1,0.000,0.000,0.000,0.000,C:\Python\lib\imp.py:114(NullImporter)
1,0.000,0.000,0.000,0.000,C:\Python\lib\imp.py:133(_HackedGetData)
1,0.000,0.000,0.000,0.000,C:\Python\lib\imp.py:160(_LoadSourceCompatibility)
1,0.000,0.000,0.000,0.000,C:\Python\lib\imp.py:179(_LoadCompiledCompatibility)
2,0.000,0.000,0.003,0.002,C:\Python\lib\imp.py:330(load_dynamic)
1,0.000,0.000,0.000,0.000,C:\Python\lib\imp.py:7(<module>)
1,0.000,0.000,0.000,0.000,C:\Python\lib\site-packages\win32comext\shell\__init__.py:2(<module>)
1,0.000,0.000,0.000,0.000,C:\Python\lib\site-packages\pkg_resources\_vendor\packaging\__about__.py:4(<module>)
1,0.000,0.000,0.001,0.001,C:\Python\lib\site-packages\pkg_resources\_vendor\packaging\__init__.py:4(<module>)
502,0.001,0.000,0.014,0.000,C:\Python\lib\site-packages\pkg_resources\_vendor\packaging\version.py:24(parse)
1,0.000,0.000,0.000,0.000,C:\Python\lib\site-packages\pkg_resources\_vendor\packaging\version.py:36(InvalidVersion)
362,0.000,0.000,0.000,0.000,C:\Python\lib\site-packages\pkg_resources\_vendor\packaging\version.py:48(<lambda>)
362,0.000,0.000,0.001,0.000,C:\Python\lib\site-packages\pkg_resources\_vendor\packaging\version.py:47(__lt__)
362,0.000,0.000,0.000,0.000,C:\Python\lib\site-packages\pkg_resources\_vendor\packaging\version.py:54(<lambda>)
362,0.000,0.000,0.001,0.000,C:\Python\lib\site-packages\pkg_resources\_vendor\packaging\version.py:53(__eq__)
724,0.001,0.000,0.001,0.000,C:\Python\lib\site-packages\pkg_resources\_vendor\packaging\version.py:65(_compare)
1,0.000,0.000,0.000,0.000,C:\Python\lib\site-packages\pkg_resources\_vendor\packaging\version.py:42(_BaseVersion)
340,0.000,0.000,0.007,0.000,C:\Python\lib\site-packages\pkg_resources\_vendor\packaging\version.py:74(__init__)
1,0.000,0.000,0.000,0.000,C:\Python\lib\site-packages\pkg_resources\_vendor\packaging\version.py:72(LegacyVersion)
1436,0.002,0.000,0.003,0.000,C:\Python\lib\site-packages\pkg_resources\_vendor\packaging\version.py:114(_parse_version_parts)
340,0.002,0.000,0.006,0.000,C:\Python\lib\site-packages\pkg_resources\_vendor\packaging\version.py:131(_legacy_cmpkey)
1318,0.001,0.000,0.001,0.000,C:\Python\lib\site-packages\pkg_resources\_vendor\packaging\version.py:207(<genexpr>)
680,0.005,0.000,0.014,0.000,C:\Python\lib\site-packages\pkg_resources\_vendor\packaging\version.py:198(__init__)
690,0.000,0.000,0.000,0.000,C:\Python\lib\site-packages\pkg_resources\_vendor\packaging\version.py:244(<genexpr>)
8,0.000,0.000,0.000,0.000,C:\Python\lib\site-packages\pkg_resources\_vendor\packaging\version.py:261(<genexpr>)
178,0.001,0.000,0.001,0.000,C:\Python\lib\site-packages\pkg_resources\_vendor\packaging\version.py:236(__str__)
1,0.000,0.000,0.006,0.006,C:\Python\lib\site-packages\pkg_resources\_vendor\packaging\version.py:191(Version)
1020,0.000,0.000,0.000,0.000,C:\Python\lib\site-packages\pkg_resources\_vendor\packaging\version.py:298(_parse_letter_version)
16,0.000,0.000,0.000,0.000,C:\Python\lib\site-packages\pkg_resources\_vendor\packaging\version.py:338(<genexpr>)
340,0.000,0.000,0.000,0.000,C:\Python\lib\site-packages\pkg_resources\_vendor\packaging\version.py:332(_parse_local_version)
456,0.000,0.000,0.000,0.000,C:\Python\lib\site-packages\pkg_resources\_vendor\packaging\version.py:352(<lambda>)
16,0.000,0.000,0.000,0.000,C:\Python\lib\site-packages\pkg_resources\_vendor\packaging\version.py:389(<genexpr>)
340,0.002,0.000,0.003,0.000,C:\Python\lib\site-packages\pkg_resources\_vendor\packaging\version.py:343(_cmpkey)
1,0.000,0.000,0.010,0.010,C:\Python\lib\site-packages\pkg_resources\_vendor\packaging\version.py:4(<module>)
680,0.000,0.000,0.000,0.000,C:\Python\lib\site-packages\pkg_resources\_vendor\packaging\_structures.py:33(__neg__)
1,0.000,0.000,0.000,0.000,C:\Python\lib\site-packages\pkg_resources\_vendor\packaging\_structures.py:7(Infinity)
1,0.000,0.000,0.000,0.000,C:\Python\lib\site-packages\pkg_resources\_vendor\packaging\_structures.py:39(NegativeInfinity)
1,0.000,0.000,0.000,0.000,C:\Python\lib\site-packages\pkg_resources\_vendor\packaging\_structures.py:4(<module>)
340,0.000,0.000,0.001,0.000,<string>:1(__new__)
1,0.000,0.000,0.000,0.000,C:\Python\lib\site-packages\pkg_resources\_vendor\packaging\specifiers.py:15(InvalidSpecifier)
1,0.000,0.000,0.000,0.000,C:\Python\lib\site-packages\pkg_resources\_vendor\packaging\specifiers.py:21(BaseSpecifier)
1,0.000,0.000,0.000,0.000,C:\Python\lib\site-packages\pkg_resources\_vendor\packaging\specifiers.py:78(_IndividualSpecifier)
1,0.000,0.000,0.001,0.001,C:\Python\lib\site-packages\pkg_resources\_vendor\packaging\specifiers.py:214(LegacySpecifier)
7,0.000,0.000,0.000,0.000,C:\Python\lib\site-packages\pkg_resources\_vendor\packaging\specifiers.py:266(_require_version_compare)
1,0.000,0.000,0.014,0.014,C:\Python\lib\site-packages\pkg_resources\_vendor\packaging\specifiers.py:275(Specifier)
1,0.000,0.000,0.000,0.000,C:\Python\lib\site-packages\pkg_resources\_vendor\packaging\specifiers.py:589(SpecifierSet)
1,0.000,0.000,0.017,0.017,C:\Python\lib\site-packages\pkg_resources\_vendor\packaging\specifiers.py:4(<module>)
1,0.000,0.000,0.000,0.000,C:\Python\lib\site-packages\pkg_resources\_vendor\packaging\requirements.py:18(InvalidRequirement)
1,0.000,0.000,0.000,0.000,C:\Python\lib\site-packages\pkg_resources\_vendor\packaging\_compat.py:28(__new__)
1,0.000,0.000,0.000,0.000,C:\Python\lib\site-packages\pkg_resources\_vendor\packaging\_compat.py:27(metaclass)
1,0.000,0.000,0.000,0.000,C:\Python\lib\site-packages\pkg_resources\_vendor\packaging\_compat.py:20(with_metaclass)
1,0.000,0.000,0.000,0.000,C:\Python\lib\site-packages\pkg_resources\_vendor\packaging\_compat.py:4(<module>)
1,0.000,0.000,0.000,0.000,C:\Python\lib\site-packages\pkg_resources\_vendor\packaging\requirements.py:75(Requirement)
1,0.000,0.000,0.057,0.057,C:\Python\lib\site-packages\pkg_resources\_vendor\packaging\requirements.py:4(<module>)
1,0.000,0.000,0.000,0.000,C:\Python\lib\site-packages\pkg_resources\_vendor\pyparsing.py:183(<genexpr>)
1,0.000,0.000,0.000,0.000,C:\Python\lib\site-packages\pkg_resources\_vendor\pyparsing.py:195(_Constants)
95,0.000,0.000,0.000,0.000,C:\Python\lib\site-packages\pkg_resources\_vendor\pyparsing.py:203(<genexpr>)
32,0.000,0.000,0.000,0.000,C:\Python\lib\site-packages\pkg_resources\_vendor\pyparsing.py:209(__init__)
1,0.000,0.000,0.000,0.000,C:\Python\lib\site-packages\pkg_resources\_vendor\pyparsing.py:205(ParseBaseException)
1,0.000,0.000,0.000,0.000,C:\Python\lib\site-packages\pkg_resources\_vendor\pyparsing.py:261(ParseException)
1,0.000,0.000,0.000,0.000,C:\Python\lib\site-packages\pkg_resources\_vendor\pyparsing.py:282(ParseFatalException)
1,0.000,0.000,0.000,0.000,C:\Python\lib\site-packages\pkg_resources\_vendor\pyparsing.py:287(ParseSyntaxException)
1,0.000,0.000,0.000,0.000,C:\Python\lib\site-packages\pkg_resources\_vendor\pyparsing.py:306(RecursiveGrammarException)
4,0.000,0.000,0.000,0.000,C:\Python\lib\site-packages\pkg_resources\_vendor\pyparsing.py:315(__init__)
16,0.000,0.000,0.000,0.000,C:\Python\lib\site-packages\pkg_resources\_vendor\pyparsing.py:317(__getitem__)
1,0.000,0.000,0.000,0.000,C:\Python\lib\site-packages\pkg_resources\_vendor\pyparsing.py:314(_ParseResultsWithOffset)
82,0.000,0.000,0.000,0.000,C:\Python\lib\site-packages\pkg_resources\_vendor\pyparsing.py:363(__new__)
82/80,0.000,0.000,0.000,0.000,C:\Python\lib\site-packages\pkg_resources\_vendor\pyparsing.py:372(__init__)
24,0.000,0.000,0.000,0.000,C:\Python\lib\site-packages\pkg_resources\_vendor\pyparsing.py:411(__getitem__)
4,0.000,0.000,0.000,0.000,C:\Python\lib\site-packages\pkg_resources\_vendor\pyparsing.py:420(__setitem__)
18,0.000,0.000,0.000,0.000,C:\Python\lib\site-packages\pkg_resources\_vendor\pyparsing.py:458(__bool__)
2,0.000,0.000,0.000,0.000,C:\Python\lib\site-packages\pkg_resources\_vendor\pyparsing.py:460(__iter__)
6,0.000,0.000,0.000,0.000,C:\Python\lib\site-packages\pkg_resources\_vendor\pyparsing.py:506(haskeys)
2,0.000,0.000,0.000,0.000,C:\Python\lib\site-packages\pkg_resources\_vendor\pyparsing.py:644(__getattr__)
2,0.000,0.000,0.000,0.000,C:\Python\lib\site-packages\pkg_resources\_vendor\pyparsing.py:666(<lambda>)
2,0.000,0.000,0.000,0.000,C:\Python\lib\site-packages\pkg_resources\_vendor\pyparsing.py:668(<listcomp>)
12,0.000,0.000,0.000,0.000,C:\Python\lib\site-packages\pkg_resources\_vendor\pyparsing.py:663(__iadd__)
1,0.000,0.000,0.000,0.000,C:\Python\lib\site-packages\pkg_resources\_vendor\pyparsing.py:324(ParseResults)
26,0.000,0.000,0.009,0.000,C:\Python\lib\site-packages\pkg_resources\_vendor\pyparsing.py:1047(extract_stack)
12,0.000,0.000,0.000,0.000,C:\Python\lib\site-packages\pkg_resources\_vendor\pyparsing.py:1069(wrapper)
27,0.000,0.000,0.010,0.000,C:\Python\lib\site-packages\pkg_resources\_vendor\pyparsing.py:1039(_trim_arity)
335,0.002,0.000,0.002,0.000,C:\Python\lib\site-packages\pkg_resources\_vendor\pyparsing.py:1144(__init__)
471,0.001,0.000,0.007,0.000,C:\Python\lib\site-packages\pkg_resources\_vendor\pyparsing.py:1167(copy)
45,0.000,0.000,0.000,0.000,C:\Python\lib\site-packages\pkg_resources\_vendor\pyparsing.py:1190(setName)
16,0.000,0.000,0.001,0.000,C:\Python\lib\site-packages\pkg_resources\_vendor\pyparsing.py:1204(setResultsName)
25,0.000,0.000,0.010,0.000,C:\Python\lib\site-packages\pkg_resources\_vendor\pyparsing.py:1250(setParseAction)
2,0.000,0.000,0.000,0.000,C:\Python\lib\site-packages\pkg_resources\_vendor\pyparsing.py:1288(addParseAction)
1,0.000,0.000,0.000,0.000,C:\Python\lib\site-packages\pkg_resources\_vendor\pyparsing.py:1298(addCondition)
60,0.000,0.000,0.000,0.000,C:\Python\lib\site-packages\pkg_resources\_vendor\pyparsing.py:1351(preParse)
46,0.000,0.000,0.000,0.000,C:\Python\lib\site-packages\pkg_resources\_vendor\pyparsing.py:1366(postParse)
102/2,0.000,0.000,0.001,0.001,C:\Python\lib\site-packages\pkg_resources\_vendor\pyparsing.py:1370(_parseNoCache)
1,0.000,0.000,0.000,0.000,C:\Python\lib\site-packages\pkg_resources\_vendor\pyparsing.py:1455(_UnboundedCache)
1,0.000,0.000,0.000,0.000,C:\Python\lib\site-packages\pkg_resources\_vendor\pyparsing.py:1478(_FifoCache)
2,0.000,0.000,0.000,0.000,C:\Python\lib\site-packages\pkg_resources\_vendor\pyparsing.py:1567(resetCache)
2,0.000,0.000,0.002,0.001,C:\Python\lib\site-packages\pkg_resources\_vendor\pyparsing.py:1608(parseString)
83,0.000,0.000,0.002,0.000,C:\Python\lib\site-packages\pkg_resources\_vendor\pyparsing.py:1821(__add__)
4,0.000,0.000,0.000,0.000,C:\Python\lib\site-packages\pkg_resources\_vendor\pyparsing.py:1841(__radd__)
12/2,0.000,0.000,0.000,0.000,C:\Python\lib\site-packages\pkg_resources\_vendor\pyparsing.py:1926(makeOptionalList)
3,0.000,0.000,0.000,0.000,C:\Python\lib\site-packages\pkg_resources\_vendor\pyparsing.py:1877(__mul__)
48,0.000,0.000,0.001,0.000,C:\Python\lib\site-packages\pkg_resources\_vendor\pyparsing.py:1948(__or__)
1,0.000,0.000,0.000,0.000,C:\Python\lib\site-packages\pkg_resources\_vendor\pyparsing.py:1972(__xor__)
4,0.000,0.000,0.000,0.000,C:\Python\lib\site-packages\pkg_resources\_vendor\pyparsing.py:2020(__invert__)
14,0.000,0.000,0.001,0.000,C:\Python\lib\site-packages\pkg_resources\_vendor\pyparsing.py:2026(__call__)
12,0.000,0.000,0.000,0.000,C:\Python\lib\site-packages\pkg_resources\_vendor\pyparsing.py:2045(suppress)
78,0.000,0.000,0.000,0.000,C:\Python\lib\site-packages\pkg_resources\_vendor\pyparsing.py:2052(leaveWhitespace)
170,0.000,0.000,0.000,0.000,C:\Python\lib\site-packages\pkg_resources\_vendor\pyparsing.py:2061(setWhitespaceChars)
96,0.000,0.000,0.000,0.000,C:\Python\lib\site-packages\pkg_resources\_vendor\pyparsing.py:2153(__str__)
61,0.000,0.000,0.000,0.000,C:\Python\lib\site-packages\pkg_resources\_vendor\pyparsing.py:2159(streamline)
1,0.000,0.000,0.000,0.000,C:\Python\lib\site-packages\pkg_resources\_vendor\pyparsing.py:1103(ParserElement)
120,0.000,0.000,0.001,0.000,C:\Python\lib\site-packages\pkg_resources\_vendor\pyparsing.py:2368(__init__)
1,0.000,0.000,0.000,0.000,C:\Python\lib\site-packages\pkg_resources\_vendor\pyparsing.py:2364(Token)
3,0.000,0.000,0.000,0.000,C:\Python\lib\site-packages\pkg_resources\_vendor\pyparsing.py:2376(__init__)
1,0.000,0.000,0.000,0.000,C:\Python\lib\site-packages\pkg_resources\_vendor\pyparsing.py:2372(Empty)
1,0.000,0.000,0.000,0.000,C:\Python\lib\site-packages\pkg_resources\_vendor\pyparsing.py:2383(NoMatch)
69,0.000,0.000,0.001,0.000,C:\Python\lib\site-packages\pkg_resources\_vendor\pyparsing.py:2412(__init__)
12,0.000,0.000,0.000,0.000,C:\Python\lib\site-packages\pkg_resources\_vendor\pyparsing.py:2431(parseImpl)
1,0.000,0.000,0.000,0.000,C:\Python\lib\site-packages\pkg_resources\_vendor\pyparsing.py:2398(Literal)
1,0.000,0.000,0.000,0.000,C:\Python\lib\site-packages\pkg_resources\_vendor\pyparsing.py:2439(Keyword)
1,0.000,0.000,0.000,0.000,C:\Python\lib\site-packages\pkg_resources\_vendor\pyparsing.py:2504(CaselessLiteral)
1,0.000,0.000,0.000,0.000,C:\Python\lib\site-packages\pkg_resources\_vendor\pyparsing.py:2527(CaselessKeyword)
1,0.000,0.000,0.000,0.000,C:\Python\lib\site-packages\pkg_resources\_vendor\pyparsing.py:2545(CloseMatch)
188,0.000,0.000,0.000,0.000,C:\Python\lib\site-packages\pkg_resources\_vendor\pyparsing.py:2656(<genexpr>)
12,0.001,0.000,0.002,0.000,C:\Python\lib\site-packages\pkg_resources\_vendor\pyparsing.py:2653(__init__)
16,0.000,0.000,0.000,0.000,C:\Python\lib\site-packages\pkg_resources\_vendor\pyparsing.py:2707(parseImpl)
16,0.000,0.000,0.000,0.000,C:\Python\lib\site-packages\pkg_resources\_vendor\pyparsing.py:2751(charsAsStr)
23,0.000,0.000,0.000,0.000,C:\Python\lib\site-packages\pkg_resources\_vendor\pyparsing.py:2742(__str__)
1,0.000,0.000,0.000,0.000,C:\Python\lib\site-packages\pkg_resources\_vendor\pyparsing.py:2606(Word)
26,0.000,0.000,0.017,0.001,C:\Python\lib\site-packages\pkg_resources\_vendor\pyparsing.py:2779(__init__)
20,0.000,0.000,0.000,0.000,C:\Python\lib\site-packages\pkg_resources\_vendor\pyparsing.py:2813(parseImpl)
42,0.000,0.000,0.000,0.000,C:\Python\lib\site-packages\pkg_resources\_vendor\pyparsing.py:2826(__str__)
1,0.000,0.000,0.000,0.000,C:\Python\lib\site-packages\pkg_resources\_vendor\pyparsing.py:2765(Regex)
2,0.000,0.000,0.001,0.000,C:\Python\lib\site-packages\pkg_resources\_vendor\pyparsing.py:2863(__init__)
2,0.000,0.000,0.000,0.000,C:\Python\lib\site-packages\pkg_resources\_vendor\pyparsing.py:2963(__str__)
1,0.000,0.000,0.000,0.000,C:\Python\lib\site-packages\pkg_resources\_vendor\pyparsing.py:2838(QuotedString)
1,0.000,0.000,0.000,0.000,C:\Python\lib\site-packages\pkg_resources\_vendor\pyparsing.py:2991(__init__)
4,0.000,0.000,0.000,0.000,C:\Python\lib\site-packages\pkg_resources\_vendor\pyparsing.py:3015(parseImpl)
5,0.000,0.000,0.000,0.000,C:\Python\lib\site-packages\pkg_resources\_vendor\pyparsing.py:3032(__str__)
1,0.000,0.000,0.000,0.000,C:\Python\lib\site-packages\pkg_resources\_vendor\pyparsing.py:2975(CharsNotIn)
3,0.000,0.000,0.000,0.000,C:\Python\lib\site-packages\pkg_resources\_vendor\pyparsing.py:3064(<genexpr>)
3,0.000,0.000,0.000,0.000,C:\Python\lib\site-packages\pkg_resources\_vendor\pyparsing.py:3066(<genexpr>)
1,0.000,0.000,0.000,0.000,C:\Python\lib\site-packages\pkg_resources\_vendor\pyparsing.py:3061(__init__)
1,0.000,0.000,0.000,0.000,C:\Python\lib\site-packages\pkg_resources\_vendor\pyparsing.py:3046(White)
6,0.000,0.000,0.000,0.000,C:\Python\lib\site-packages\pkg_resources\_vendor\pyparsing.py:3098(__init__)
1,0.000,0.000,0.000,0.000,C:\Python\lib\site-packages\pkg_resources\_vendor\pyparsing.py:3097(_PositionToken)
1,0.000,0.000,0.000,0.000,C:\Python\lib\site-packages\pkg_resources\_vendor\pyparsing.py:3104(GoToColumn)
1,0.000,0.000,0.000,0.000,C:\Python\lib\site-packages\pkg_resources\_vendor\pyparsing.py:3151(__init__)
1,0.000,0.000,0.000,0.000,C:\Python\lib\site-packages\pkg_resources\_vendor\pyparsing.py:3130(LineStart)
3,0.000,0.000,0.000,0.000,C:\Python\lib\site-packages\pkg_resources\_vendor\pyparsing.py:3164(__init__)
1,0.000,0.000,0.000,0.000,C:\Python\lib\site-packages\pkg_resources\_vendor\pyparsing.py:3160(LineEnd)
1,0.000,0.000,0.000,0.000,C:\Python\lib\site-packages\pkg_resources\_vendor\pyparsing.py:3184(__init__)
1,0.000,0.000,0.000,0.000,C:\Python\lib\site-packages\pkg_resources\_vendor\pyparsing.py:3180(StringStart)
1,0.000,0.000,0.000,0.000,C:\Python\lib\site-packages\pkg_resources\_vendor\pyparsing.py:3199(__init__)
1,0.000,0.000,0.000,0.000,C:\Python\lib\site-packages\pkg_resources\_vendor\pyparsing.py:3195(StringEnd)
1,0.000,0.000,0.000,0.000,C:\Python\lib\site-packages\pkg_resources\_vendor\pyparsing.py:3213(WordStart)
1,0.000,0.000,0.000,0.000,C:\Python\lib\site-packages\pkg_resources\_vendor\pyparsing.py:3233(WordEnd)
266,0.000,0.000,0.000,0.000,C:\Python\lib\site-packages\pkg_resources\_vendor\pyparsing.py:3270(<genexpr>)
133,0.001,0.000,0.002,0.000,C:\Python\lib\site-packages\pkg_resources\_vendor\pyparsing.py:3260(__init__)
61,0.000,0.000,0.004,0.000,C:\Python\lib\site-packages\pkg_resources\_vendor\pyparsing.py:3292(<listcomp>)
61/11,0.000,0.000,0.005,0.000,C:\Python\lib\site-packages\pkg_resources\_vendor\pyparsing.py:3288(leaveWhitespace)
19/4,0.000,0.000,0.000,0.000,C:\Python\lib\site-packages\pkg_resources\_vendor\pyparsing.py:3319(streamline)
4,0.000,0.000,0.001,0.000,C:\Python\lib\site-packages\pkg_resources\_vendor\pyparsing.py:3353(setResultsName)
131/65,0.000,0.000,0.004,0.000,C:\Python\lib\site-packages\pkg_resources\_vendor\pyparsing.py:3365(<listcomp>)
131/65,0.000,0.000,0.005,0.000,C:\Python\lib\site-packages\pkg_resources\_vendor\pyparsing.py:3363(copy)
1,0.000,0.000,0.000,0.000,C:\Python\lib\site-packages\pkg_resources\_vendor\pyparsing.py:3256(ParseExpression)
1,0.000,0.000,0.000,0.000,C:\Python\lib\site-packages\pkg_resources\_vendor\pyparsing.py:3384(_ErrorStop)
195,0.000,0.000,0.000,0.000,C:\Python\lib\site-packages\pkg_resources\_vendor\pyparsing.py:3392(<genexpr>)
84,0.001,0.000,0.002,0.000,C:\Python\lib\site-packages\pkg_resources\_vendor\pyparsing.py:3390(__init__)
10/2,0.000,0.000,0.001,0.001,C:\Python\lib\site-packages\pkg_resources\_vendor\pyparsing.py:3397(parseImpl)
41,0.000,0.000,0.000,0.000,C:\Python\lib\site-packages\pkg_resources\_vendor\pyparsing.py:3439(<genexpr>)
13/12,0.000,0.000,0.000,0.000,C:\Python\lib\site-packages\pkg_resources\_vendor\pyparsing.py:3434(__str__)
1,0.000,0.000,0.000,0.000,C:\Python\lib\site-packages\pkg_resources\_vendor\pyparsing.py:3368(And)
2,0.000,0.000,0.000,0.000,C:\Python\lib\site-packages\pkg_resources\_vendor\pyparsing.py:3461(<genexpr>)
1,0.000,0.000,0.000,0.000,C:\Python\lib\site-packages\pkg_resources\_vendor\pyparsing.py:3458(__init__)
1,0.000,0.000,0.000,0.000,C:\Python\lib\site-packages\pkg_resources\_vendor\pyparsing.py:3444(Or)
139,0.000,0.000,0.000,0.000,C:\Python\lib\site-packages\pkg_resources\_vendor\pyparsing.py:3543(<genexpr>)
48,0.000,0.000,0.001,0.000,C:\Python\lib\site-packages\pkg_resources\_vendor\pyparsing.py:3540(__init__)
20/8,0.000,0.000,0.001,0.000,C:\Python\lib\site-packages\pkg_resources\_vendor\pyparsing.py:3547(parseImpl)
41,0.000,0.000,0.000,0.000,C:\Python\lib\site-packages\pkg_resources\_vendor\pyparsing.py:3581(<genexpr>)
14,0.000,0.000,0.000,0.000,C:\Python\lib\site-packages\pkg_resources\_vendor\pyparsing.py:3576(__str__)
1,0.000,0.000,0.000,0.000,C:\Python\lib\site-packages\pkg_resources\_vendor\pyparsing.py:3523(MatchFirst)
1,0.000,0.000,0.000,0.000,C:\Python\lib\site-packages\pkg_resources\_vendor\pyparsing.py:3591(Each)
82,0.000,0.000,0.001,0.000,C:\Python\lib\site-packages\pkg_resources\_vendor\pyparsing.py:3719(__init__)
16/2,0.000,0.000,0.001,0.001,C:\Python\lib\site-packages\pkg_resources\_vendor\pyparsing.py:3737(parseImpl)
36/11,0.000,0.000,0.007,0.001,C:\Python\lib\site-packages\pkg_resources\_vendor\pyparsing.py:3743(leaveWhitespace)
15/4,0.000,0.000,0.000,0.000,C:\Python\lib\site-packages\pkg_resources\_vendor\pyparsing.py:3762(streamline)
9,0.000,0.000,0.000,0.000,C:\Python\lib\site-packages\pkg_resources\_vendor\pyparsing.py:3781(__str__)
1,0.000,0.000,0.000,0.000,C:\Python\lib\site-packages\pkg_resources\_vendor\pyparsing.py:3715(ParseElementEnhance)
1,0.000,0.000,0.000,0.000,C:\Python\lib\site-packages\pkg_resources\_vendor\pyparsing.py:3792(FollowedBy)
4,0.000,0.000,0.000,0.000,C:\Python\lib\site-packages\pkg_resources\_vendor\pyparsing.py:3829(__init__)
9,0.000,0.000,0.000,0.000,C:\Python\lib\site-packages\pkg_resources\_vendor\pyparsing.py:3841(__str__)
1,0.000,0.000,0.000,0.000,C:\Python\lib\site-packages\pkg_resources\_vendor\pyparsing.py:3818(NotAny)
11,0.000,0.000,0.000,0.000,C:\Python\lib\site-packages\pkg_resources\_vendor\pyparsing.py:3851(__init__)
2,0.000,0.000,0.001,0.001,C:\Python\lib\site-packages\pkg_resources\_vendor\pyparsing.py:3859(parseImpl)
1,0.000,0.000,0.000,0.000,C:\Python\lib\site-packages\pkg_resources\_vendor\pyparsing.py:3850(_MultipleMatch)
1,0.000,0.000,0.000,0.000,C:\Python\lib\site-packages\pkg_resources\_vendor\pyparsing.py:3914(__str__)
1,0.000,0.000,0.000,0.000,C:\Python\lib\site-packages\pkg_resources\_vendor\pyparsing.py:3888(OneOrMore)
8,0.000,0.000,0.000,0.000,C:\Python\lib\site-packages\pkg_resources\_vendor\pyparsing.py:3935(__init__)
1,0.000,0.000,0.000,0.000,C:\Python\lib\site-packages\pkg_resources\_vendor\pyparsing.py:3923(ZeroOrMore)
1,0.000,0.000,0.000,0.000,C:\Python\lib\site-packages\pkg_resources\_vendor\pyparsing.py:3954(_NullToken)
28,0.000,0.000,0.000,0.000,C:\Python\lib\site-packages\pkg_resources\_vendor\pyparsing.py:3997(__init__)
2,0.000,0.000,0.000,0.000,C:\Python\lib\site-packages\pkg_resources\_vendor\pyparsing.py:4003(parseImpl)
9,0.000,0.000,0.000,0.000,C:\Python\lib\site-packages\pkg_resources\_vendor\pyparsing.py:4017(__str__)
1,0.000,0.000,0.000,0.000,C:\Python\lib\site-packages\pkg_resources\_vendor\pyparsing.py:3962(Optional)
1,0.000,0.000,0.000,0.000,C:\Python\lib\site-packages\pkg_resources\_vendor\pyparsing.py:4026(SkipTo)
1,0.000,0.000,0.000,0.000,C:\Python\lib\site-packages\pkg_resources\_vendor\pyparsing.py:4160(__init__)
1,0.000,0.000,0.000,0.000,C:\Python\lib\site-packages\pkg_resources\_vendor\pyparsing.py:4163(__lshift__)
2,0.000,0.000,0.000,0.000,C:\Python\lib\site-packages\pkg_resources\_vendor\pyparsing.py:4214(copy)
1,0.000,0.000,0.000,0.000,C:\Python\lib\site-packages\pkg_resources\_vendor\pyparsing.py:4141(Forward)
1,0.000,0.000,0.000,0.000,C:\Python\lib\site-packages\pkg_resources\_vendor\pyparsing.py:4222(_ForwardNoRecurse)
38,0.000,0.000,0.001,0.000,C:\Python\lib\site-packages\pkg_resources\_vendor\pyparsing.py:4230(__init__)
1,0.000,0.000,0.000,0.000,C:\Python\lib\site-packages\pkg_resources\_vendor\pyparsing.py:4226(TokenConverter)
12,0.000,0.000,0.007,0.001,C:\Python\lib\site-packages\pkg_resources\_vendor\pyparsing.py:4251(__init__)
1,0.000,0.000,0.000,0.000,C:\Python\lib\site-packages\pkg_resources\_vendor\pyparsing.py:4234(Combine)
5,0.000,0.000,0.000,0.000,C:\Python\lib\site-packages\pkg_resources\_vendor\pyparsing.py:4292(__init__)
6,0.000,0.000,0.000,0.000,C:\Python\lib\site-packages\pkg_resources\_vendor\pyparsing.py:4296(postParse)
1,0.000,0.000,0.000,0.000,C:\Python\lib\site-packages\pkg_resources\_vendor\pyparsing.py:4278(Group)
1,0.000,0.000,0.000,0.000,C:\Python\lib\site-packages\pkg_resources\_vendor\pyparsing.py:4335(__init__)
1,0.000,0.000,0.000,0.000,C:\Python\lib\site-packages\pkg_resources\_vendor\pyparsing.py:4299(Dict)
4,0.000,0.000,0.000,0.000,C:\Python\lib\site-packages\pkg_resources\_vendor\pyparsing.py:4383(postParse)
1,0.000,0.000,0.000,0.000,C:\Python\lib\site-packages\pkg_resources\_vendor\pyparsing.py:4364(Suppress)
1,0.000,0.000,0.000,0.000,C:\Python\lib\site-packages\pkg_resources\_vendor\pyparsing.py:4390(OnlyOnce)
2,0.000,0.000,0.000,0.000,C:\Python\lib\site-packages\pkg_resources\_vendor\pyparsing.py:4450(delimitedList)
15,0.000,0.000,0.000,0.000,C:\Python\lib\site-packages\pkg_resources\_vendor\pyparsing.py:4565(_escapeRegexRangeChars)
2,0.000,0.000,0.002,0.001,C:\Python\lib\site-packages\pkg_resources\_vendor\pyparsing.py:4681(originalTextFor)
12,0.000,0.000,0.000,0.000,C:\Python\lib\site-packages\pkg_resources\_vendor\pyparsing.py:4757(<lambda>)
97,0.000,0.000,0.000,0.000,C:\Python\lib\site-packages\pkg_resources\_vendor\pyparsing.py:4781(<genexpr>)
6,0.000,0.000,0.000,0.000,C:\Python\lib\site-packages\pkg_resources\_vendor\pyparsing.py:4781(<lambda>)
8,0.000,0.000,0.000,0.000,C:\Python\lib\site-packages\pkg_resources\_vendor\pyparsing.py:4783(<genexpr>)
2,0.000,0.000,0.002,0.001,C:\Python\lib\site-packages\pkg_resources\_vendor\pyparsing.py:4763(srange)
7,0.000,0.000,0.000,0.000,C:\Python\lib\site-packages\pkg_resources\_vendor\pyparsing.py:4825(tokenMap)
94,0.000,0.000,0.000,0.000,C:\Python\lib\site-packages\pkg_resources\_vendor\pyparsing.py:4890(<genexpr>)
1,0.000,0.000,0.002,0.002,C:\Python\lib\site-packages\pkg_resources\_vendor\pyparsing.py:4875(_makeTags)
1,0.000,0.000,0.002,0.002,C:\Python\lib\site-packages\pkg_resources\_vendor\pyparsing.py:4904(makeHTMLTags)
1,0.000,0.000,0.010,0.010,C:\Python\lib\site-packages\pkg_resources\_vendor\pyparsing.py:5399(pyparsing_common)
1,0.001,0.001,0.025,0.025,C:\Python\lib\site-packages\pkg_resources\_vendor\pyparsing.py:75(<module>)
1,0.000,0.000,0.000,0.000,C:\Python\lib\sysconfig.py:100(_safe_realpath)
1,0.000,0.000,0.000,0.000,C:\Python\lib\site-packages\pkg_resources\_vendor\packaging\markers.py:25(InvalidMarker)
1,0.000,0.000,0.000,0.000,C:\Python\lib\site-packages\pkg_resources\_vendor\packaging\markers.py:31(UndefinedComparison)
1,0.000,0.000,0.000,0.000,C:\Python\lib\site-packages\pkg_resources\_vendor\packaging\markers.py:37(UndefinedEnvironmentName)
1,0.000,0.000,0.000,0.000,C:\Python\lib\site-packages\pkg_resources\_vendor\packaging\markers.py:44(Node)
1,0.000,0.000,0.000,0.000,C:\Python\lib\site-packages\pkg_resources\_vendor\packaging\markers.py:59(Variable)
1,0.000,0.000,0.000,0.000,C:\Python\lib\site-packages\pkg_resources\_vendor\packaging\markers.py:65(Value)
1,0.000,0.000,0.000,0.000,C:\Python\lib\site-packages\pkg_resources\_vendor\packaging\markers.py:71(Op)
1,0.000,0.000,0.000,0.000,C:\Python\lib\site-packages\pkg_resources\_vendor\packaging\markers.py:272(Marker)
1,0.000,0.000,0.003,0.003,C:\Python\lib\site-packages\pkg_resources\_vendor\packaging\markers.py:4(<module>)
1,0.000,0.000,0.000,0.000,C:\Python\lib\sysconfig.py:121(_is_python_source_dir)
2,0.000,0.000,0.000,0.000,C:\Python\lib\sysconfig.py:130(_fix_pcbuild)
1,0.000,0.000,0.000,0.000,C:\Python\lib\sysconfig.py:138(is_python_build)
2,0.000,0.000,0.000,0.000,C:\Python\lib\sysconfig.py:181(_get_default_scheme)
1,0.000,0.000,0.000,0.000,C:\Python\lib\sysconfig.py:605(get_platform)
1,0.000,0.000,0.001,0.001,C:\Python\lib\sysconfig.py:1(<module>)
80,0.000,0.000,0.000,0.000,C:\Python\lib\site-packages\PIL\BmpImagePlugin.py:49(_accept)
80,0.000,0.000,0.001,0.000,C:\Python\lib\site-packages\PIL\BmpImagePlugin.py:53(_dib_accept)
1,0.000,0.000,0.000,0.000,C:\Python\lib\site-packages\PIL\BmpImagePlugin.py:60(BmpImageFile)
1,0.000,0.000,0.000,0.000,C:\Python\lib\site-packages\PIL\BmpImagePlugin.py:281(DibImageFile)
1,0.000,0.000,0.010,0.010,C:\Python\lib\site-packages\PIL\BmpImagePlugin.py:27(<module>)
80,0.000,0.000,0.000,0.000,C:\Python\lib\site-packages\PIL\ImageFile.py:66(_tilesort)
80,0.001,0.000,0.014,0.000,C:\Python\lib\site-packages\PIL\ImageFile.py:79(__init__)
80,0.006,0.000,0.700,0.009,C:\Python\lib\site-packages\PIL\ImageFile.py:141(load)
80,0.000,0.000,0.002,0.000,C:\Python\lib\site-packages\PIL\ImageFile.py:276(load_prepare)
1,0.000,0.000,0.000,0.000,C:\Python\lib\site-packages\PIL\ImageFile.py:76(ImageFile)
1,0.000,0.000,0.000,0.000,C:\Python\lib\site-packages\PIL\ImageFile.py:311(StubImageFile)
1,0.000,0.000,0.000,0.000,C:\Python\lib\site-packages\PIL\ImageFile.py:337(Parser)
192,0.000,0.000,0.000,0.000,C:\Python\lib\site-packages\PIL\ImageFile.py:538(_safe_read)
1,0.000,0.000,0.000,0.000,C:\Python\lib\site-packages\PIL\ImageFile.py:562(PyCodecState)
1,0.000,0.000,0.000,0.000,C:\Python\lib\site-packages\PIL\ImageFile.py:573(PyDecoder)
1,0.000,0.000,0.000,0.000,C:\Python\lib\site-packages\PIL\ImageFile.py:30(<module>)
1,0.000,0.000,0.000,0.000,C:\Python\lib\site-packages\PIL\ImagePalette.py:23(ImagePalette)
1,0.000,0.000,0.006,0.006,C:\Python\lib\site-packages\PIL\ImagePalette.py:19(<module>)
1,0.000,0.000,0.000,0.000,C:\Python\lib\site-packages\PIL\ImageColor.py:20(<module>)
1,0.000,0.000,0.000,0.000,C:\Python\lib\site-packages\PIL\GimpPaletteFile.py:25(GimpPaletteFile)
1,0.000,0.000,0.000,0.000,C:\Python\lib\site-packages\PIL\GimpPaletteFile.py:17(<module>)
1,0.000,0.000,0.000,0.000,C:\Python\lib\site-packages\PIL\GimpGradientFile.py:62(GradientFile)
1,0.000,0.000,0.000,0.000,C:\Python\lib\site-packages\PIL\GimpGradientFile.py:104(GimpGradientFile)
1,0.000,0.000,0.000,0.000,C:\Python\lib\site-packages\PIL\GimpGradientFile.py:16(<module>)
80,0.000,0.000,0.000,0.000,C:\Python\lib\site-packages\PIL\GifImagePlugin.py:41(_accept)
1,0.000,0.000,0.000,0.000,C:\Python\lib\site-packages\PIL\PaletteFile.py:23(PaletteFile)
1,0.000,0.000,0.000,0.000,C:\Python\lib\site-packages\PIL\PaletteFile.py:16(<module>)
1,0.000,0.000,0.000,0.000,C:\Python\lib\site-packages\PIL\GifImagePlugin.py:50(GifImageFile)
1,0.000,0.000,0.004,0.004,C:\Python\lib\site-packages\PIL\GifImagePlugin.py:27(<module>)
1,0.000,0.000,0.000,0.000,C:\Python\lib\site-packages\PIL\ImageChops.py:18(<module>)
1,0.000,0.000,0.000,0.000,C:\Python\lib\site-packages\PIL\ImageSequence.py:19(Iterator)
1,0.000,0.000,0.000,0.000,C:\Python\lib\site-packages\PIL\ImageSequence.py:19(<module>)
3266,0.004,0.000,0.004,0.000,{method 'pixel_access' of 'ImagingCore' objects}
1292,0.075,0.000,0.075,0.000,{method 'convert' of 'ImagingCore' objects}
19,0.006,0.000,0.006,0.000,{method 'copy' of 'ImagingCore' objects}
70,0.066,0.001,0.066,0.001,{method 'resize' of 'ImagingCore' objects}
13,0.000,0.000,0.000,0.000,{method 'transpose' of 'ImagingCore' objects}
590,0.839,0.001,0.839,0.001,{method 'transform2' of 'ImagingCore' objects}
88,0.001,0.000,0.001,0.000,{built-in method PIL._imaging.fill}
670,0.010,0.000,0.010,0.000,{built-in method PIL._imaging.new}
88,0.000,0.000,0.000,0.000,{built-in method PIL._imaging.raw_decoder}
692,0.003,0.000,0.003,0.000,{built-in method PIL._imaging.raw_encoder}
80,0.000,0.000,0.000,0.000,{built-in method PIL._imaging.zip_decoder}
600,0.650,0.001,0.650,0.001,{method 'decode' of 'ImagingDecoder' objects}
80,0.000,0.000,0.000,0.000,{method 'cleanup' of 'ImagingDecoder' objects}
168,0.000,0.000,0.000,0.000,{method 'setimage' of 'ImagingDecoder' objects}
1385,0.052,0.000,0.052,0.000,{method 'encode' of 'ImagingEncoder' objects}
692,0.002,0.000,0.002,0.000,{method 'setimage' of 'ImagingEncoder' objects}
867,0.001,0.000,0.001,0.000,{built-in method __new__ of type object at 0x00007FFC93EA4BA0}
8,0.000,0.000,0.000,0.000,{built-in method _abc._abc_init}
1,0.000,0.000,0.000,0.000,{built-in method _abc._abc_register}
133,0.000,0.000,0.000,0.000,{built-in method _abc._abc_instancecheck}
11/1,0.000,0.000,0.000,0.000,{built-in method _abc._abc_subclasscheck}
30,0.000,0.000,0.000,0.000,{built-in method _codecs.utf_8_decode}
970,0.003,0.000,0.003,0.000,{method 'match' of 're.Pattern' objects}
680,0.003,0.000,0.003,0.000,{method 'search' of 're.Pattern' objects}
162,0.001,0.000,0.001,0.000,{method 'sub' of 're.Pattern' objects}
348,0.001,0.000,0.001,0.000,{method 'split' of 're.Pattern' objects}
3574,0.001,0.000,0.001,0.000,{method 'group' of 're.Match' objects}
12,0.000,0.000,0.000,0.000,{method 'end' of 're.Match' objects}
12,0.000,0.000,0.000,0.000,{method 'groupdict' of 're.Match' objects}
24,0.000,0.000,0.000,0.000,{built-in method _sre.compile}
523,0.000,0.000,0.000,0.000,{built-in method _sre.unicode_iscased}
395,0.000,0.000,0.000,0.000,{built-in method _sre.unicode_tolower}
552,0.045,0.000,0.045,0.000,{built-in method nt.stat}
186,0.025,0.000,0.025,0.000,{built-in method nt.listdir}
12,0.000,0.000,0.000,0.000,{built-in method nt._getfullpathname}
163,0.013,0.000,0.013,0.000,{built-in method nt._isdir}
3718,0.001,0.000,0.001,0.000,{built-in method nt.fspath}
2,0.000,0.000,0.000,0.000,{method 'acquire' of '_thread.RLock' objects}
2,0.000,0.000,0.000,0.000,{method 'release' of '_thread.RLock' objects}
110,0.000,0.000,0.000,0.000,{built-in method _thread.allocate_lock}
152,0.000,0.000,0.000,0.000,{built-in method _thread.get_ident}
42,0.005,0.000,0.005,0.000,{method 'read' of '_io.FileIO' objects}
80,0.003,0.000,0.003,0.000,{method 'close' of '_io.BufferedReader' objects}
2369,0.027,0.000,0.027,0.000,{method 'read' of '_io.BufferedReader' objects}
2,0.000,0.000,0.000,0.000,{method 'readline' of '_io.BufferedReader' objects}
241,0.001,0.000,0.001,0.000,{method 'seek' of '_io.BufferedReader' objects}
784,0.003,0.000,0.003,0.000,{method 'tell' of '_io.BufferedReader' objects}
1,0.002,0.002,0.003,0.003,{method 'readlines' of '_io._IOBase' objects}
99,0.013,0.000,0.013,0.000,{built-in method io.open}
553,0.000,0.000,0.000,0.000,{method 'find' of 'bytearray' objects}
15,0.000,0.000,0.000,0.000,{method 'translate' of 'bytearray' objects}
323,0.000,0.000,0.000,0.000,{method 'decode' of 'bytes' objects}
16,0.000,0.000,0.000,0.000,{method 'find' of 'bytes' objects}
692,0.042,0.000,0.042,0.000,{method 'join' of 'bytes' objects}
16,0.000,0.000,0.000,0.000,{method 'split' of 'bytes' objects}
1,0.000,0.000,0.000,0.000,{method 'startswith' of 'bytes' objects}
6,0.000,0.000,0.000,0.000,{method 'setter' of 'property' objects}
25,0.000,0.000,0.000,0.000,{method 'get' of 'mappingproxy' objects}
3,0.000,0.000,0.000,0.000,{method 'items' of 'mappingproxy' objects}
204,0.000,0.000,0.000,0.000,{method '__contains__' of 'dict' objects}
5091,0.002,0.000,0.002,0.000,{method 'get' of 'dict' objects}
346,0.000,0.000,0.000,0.000,{method 'setdefault' of 'dict' objects}
2,0.000,0.000,0.000,0.000,{method 'pop' of 'dict' objects}
2,0.000,0.000,0.000,0.000,{method 'popitem' of 'dict' objects}
1,0.000,0.000,0.000,0.000,{method 'keys' of 'dict' objects}
29,0.000,0.000,0.000,0.000,{method 'items' of 'dict' objects}
506,0.001,0.000,0.001,0.000,{method 'update' of 'dict' objects}
4,0.000,0.000,0.000,0.000,{built-in method fromkeys}
180,0.000,0.000,0.000,0.000,{method 'clear' of 'dict' objects}
2072,0.002,0.000,0.002,0.000,{method 'copy' of 'dict' objects}
9131,0.002,0.000,0.002,0.000,{method 'append' of 'list' objects}
46,0.000,0.000,0.000,0.000,{method 'insert' of 'list' objects}
139,0.000,0.000,0.000,0.000,{method 'extend' of 'list' objects}
174,0.000,0.000,0.000,0.000,{method 'remove' of 'list' objects}
26,0.000,0.000,0.000,0.000,{method 'reverse' of 'list' objects}
80,0.000,0.000,0.000,0.000,{method 'sort' of 'list' objects}
245,0.000,0.000,0.000,0.000,{method 'bit_length' of 'int' objects}
126,0.000,0.000,0.000,0.000,{built-in method from_bytes}
6,0.000,0.000,0.000,0.000,{method 'tolist' of 'memoryview' objects}
6,0.000,0.000,0.000,0.000,{method 'cast' of 'memoryview' objects}
2,0.000,0.000,0.000,0.000,{method 'items' of 'collections.OrderedDict' objects}
14,0.000,0.000,0.000,0.000,{method '__contains__' of 'frozenset' objects}
334,0.000,0.000,0.000,0.000,{method 'add' of 'set' objects}
68,0.000,0.000,0.000,0.000,{method 'remove' of 'set' objects}
1,0.000,0.000,0.000,0.000,{method 'mro' of 'type' objects}
471,0.001,0.000,0.001,0.000,{method '__reduce_ex__' of 'object' objects}
1864,0.001,0.000,0.001,0.000,{method 'replace' of 'str' objects}
981,0.001,0.000,0.001,0.000,{method 'split' of 'str' objects}
84,0.000,0.000,0.000,0.000,{method 'rsplit' of 'str' objects}
1739/1735,0.002,0.000,0.005,0.000,{method 'join' of 'str' objects}
2,0.000,0.000,0.000,0.000,{method 'title' of 'str' objects}
2,0.000,0.000,0.000,0.000,{method 'expandtabs' of 'str' objects}
272,0.000,0.000,0.000,0.000,{method 'partition' of 'str' objects}
5740,0.001,0.000,0.001,0.000,{method 'lower' of 'str' objects}
38,0.000,0.000,0.000,0.000,{method 'lstrip' of 'str' objects}
1583,0.001,0.000,0.001,0.000,{method 'rfind' of 'str' objects}
2724,0.001,0.000,0.001,0.000,{method 'rstrip' of 'str' objects}
398,0.000,0.000,0.000,0.000,{method 'rpartition' of 'str' objects}
17,0.001,0.000,0.001,0.000,{method 'splitlines' of 'str' objects}
145,0.000,0.000,0.000,0.000,{method 'strip' of 'str' objects}
4,0.000,0.000,0.000,0.000,{method 'translate' of 'str' objects}
40,0.000,0.000,0.000,0.000,{method 'upper' of 'str' objects}
1715,0.001,0.000,0.001,0.000,{method 'startswith' of 'str' objects}
282,0.000,0.000,0.000,0.000,{method 'endswith' of 'str' objects}
8,0.000,0.000,0.000,0.000,{method 'isdigit' of 'str' objects}
2823,0.000,0.000,0.000,0.000,{method 'isalnum' of 'str' objects}
49,0.000,0.000,0.000,0.000,{method 'isidentifier' of 'str' objects}
50,0.000,0.000,0.000,0.000,{method 'zfill' of 'str' objects}
526,0.001,0.000,0.001,0.000,{method 'format' of 'str' objects}
203,0.002,0.000,0.002,0.000,{built-in method winreg.EnumValue}
1,0.000,0.000,0.000,0.000,{built-in method winreg.OpenKey}
1,0.000,0.000,0.000,0.000,{built-in method winreg.QueryInfoKey}
33,0.000,0.000,0.000,0.000,{built-in method _warnings.warn}
118,0.000,0.000,0.000,0.000,{built-in method _warnings._filters_mutated}
178/175,0.005,0.000,0.043,0.000,{built-in method builtins.__build_class__}
38/18,0.000,0.000,0.172,0.010,{built-in method builtins.__import__}
467,0.001,0.000,0.001,0.000,{built-in method builtins.abs}
217,0.000,0.000,0.000,0.000,{built-in method builtins.all}
1415,0.001,0.000,0.001,0.000,{built-in method builtins.any}
106,0.000,0.000,0.000,0.000,{built-in method builtins.chr}
5,0.000,0.000,0.000,0.000,{built-in method builtins.delattr}
1,0.000,0.000,0.000,0.000,{built-in method builtins.dir}
47/6,0.001,0.000,0.325,0.054,{built-in method builtins.exec}
2768,0.004,0.000,0.004,0.000,{built-in method builtins.getattr}
11,0.000,0.000,0.000,0.000,{built-in method builtins.globals}
4847/4838,0.003,0.000,0.004,0.000,{built-in method builtins.hasattr}
2,0.000,0.000,0.000,0.000,{built-in method builtins.hash}
13908,0.006,0.000,0.006,0.000,{built-in method builtins.isinstance}
489,0.000,0.000,0.000,0.000,{built-in method builtins.issubclass}
2573,0.003,0.000,0.003,0.000,{built-in method builtins.iter}
10493/9927,0.002,0.000,0.003,0.000,{built-in method builtins.len}
1,0.000,0.000,0.000,0.000,{built-in method builtins.locals}
3902,0.005,0.000,0.005,0.000,{built-in method builtins.max}
4215,0.010,0.000,0.010,0.000,{built-in method builtins.min}
16,0.000,0.000,0.008,0.000,{built-in method builtins.next}
773,0.000,0.000,0.000,0.000,{built-in method builtins.ord}
2046,0.098,0.000,0.098,0.000,{built-in method builtins.print}
29,0.000,0.000,0.000,0.000,{built-in method builtins.repr}
2360,0.019,0.000,0.019,0.000,{built-in method builtins.round}
374,0.000,0.000,0.000,0.000,{built-in method builtins.setattr}
16,0.001,0.000,0.021,0.001,{built-in method builtins.sorted}
6,0.000,0.000,0.000,0.000,{built-in method builtins.vars}
400,0.000,0.000,0.000,0.000,{built-in method _imp.acquire_lock}
400,0.000,0.000,0.000,0.000,{built-in method _imp.release_lock}
1,0.000,0.000,0.000,0.000,{built-in method _imp.create_builtin}
11,0.000,0.000,0.000,0.000,{built-in method _imp.is_builtin}
54,0.000,0.000,0.000,0.000,{built-in method _imp.is_frozen}
4,0.009,0.002,0.009,0.002,{built-in method _imp.create_dynamic}
4,0.000,0.000,0.000,0.000,{built-in method _imp.exec_dynamic}
1,0.000,0.000,0.000,0.000,{built-in method _imp.exec_builtin}
42,0.000,0.000,0.000,0.000,{built-in method _imp._fix_co_filename}
42,0.015,0.000,0.015,0.000,{built-in method marshal.loads}
1,0.000,0.000,0.000,0.000,{built-in method sys.exit}
29,0.000,0.000,0.000,0.000,{built-in method sys._getframe}
1,0.001,0.001,0.001,0.001,{built-in method sys.getwindowsversion}
3,0.000,0.000,0.000,0.000,{built-in method sys.intern}
1,0.000,0.000,0.000,0.000,{method 'disable' of '_lsprof.Profiler' objects}
555,0.001,0.000,0.001,0.000,{method 'random' of '_random.Random' objects}
380,0.000,0.000,0.000,0.000,{method 'getrandbits' of '_random.Random' objects}
7,0.000,0.000,0.000,0.000,{built-in method _struct.calcsize}
16,0.000,0.000,0.000,0.000,{built-in method _struct.unpack}
1296,0.002,0.000,0.002,0.000,{built-in method _struct.unpack_from}
92,0.001,0.000,0.001,0.000,{built-in method math.atan2}
1194,0.002,0.000,0.002,0.000,{built-in method math.cos}
590,0.001,0.000,0.001,0.000,{built-in method math.radians}
1194,0.001,0.000,0.001,0.000,{built-in method math.sin}
16,0.001,0.000,0.001,0.000,{method 'decompress' of 'zlib.Decompress' objects}
384,0.000,0.000,0.000,0.000,{built-in method zlib.crc32}
16,0.000,0.000,0.000,0.000,{built-in method zlib.decompressobj}
80,0.000,0.000,0.000,0.000,{method 'get_alpha' of 'pygame.Surface' objects}
16,0.443,0.028,0.443,0.028,{method 'convert' of 'pygame.Surface' objects}
94,0.145,0.002,0.145,0.002,{method 'convert_alpha' of 'pygame.Surface' objects}
1281,5.725,0.004,5.725,0.004,{method 'fill' of 'pygame.Surface' objects}
7112,7.828,0.001,7.828,0.001,{method 'blit' of 'pygame.Surface' objects}
88,0.000,0.000,0.000,0.000,{method 'get_size' of 'pygame.Surface' objects}
2746,0.003,0.000,0.003,0.000,{method 'get_rect' of 'pygame.Surface' objects}
1,0.000,0.000,0.000,0.000,{built-in method pygame.font.init}
1267,0.078,0.000,0.078,0.000,{method 'render' of 'pygame.font.Font' objects}
5156,0.004,0.000,0.004,0.000,{built-in method pygame.time.get_ticks}
22,0.000,0.000,0.000,0.000,{built-in method pygame.time.Clock}
1267,4.651,0.004,4.651,0.004,{method 'tick' of 'Clock' objects}
1267,0.002,0.000,0.002,0.000,{method 'get_fps' of 'Clock' objects}
14,0.000,0.000,0.000,0.000,{built-in method pygame.mouse.get_pos}
1,0.000,0.000,0.000,0.000,{built-in method pygame.key.set_repeat}
30,0.580,0.019,0.580,0.019,{built-in method pygame.imageext.load_extended}
88,0.004,0.000,0.004,0.000,{built-in method pygame.image.tostring}
692,0.130,0.000,0.130,0.000,{built-in method pygame.image.fromstring}
1267,2.385,0.002,2.385,0.002,{built-in method pygame.event.get}
64951,0.820,0.000,0.820,0.000,{built-in method pygame.draw.line}
23,0.232,0.010,0.540,0.023,{built-in method pygame.display.set_mode}
1267,1.461,0.001,1.461,0.001,{built-in method pygame.display.flip}
5845,0.008,0.000,0.008,0.000,{method 'move' of 'pygame.Rect' objects}
1,0.001,0.001,0.001,0.001,{built-in method pygame.base.init}
1,0.441,0.441,0.441,0.441,{built-in method pygame.base.quit}



